# hanzi	pinyin	HSK level (HSK 3.0 standard, public list)
一	yī	1
一一	yīyī	7
一下儿	yí xiàr	1
一下子	yí xià zi	5
一不小心	yíbùxiǎoxīn	7
一个劲儿	yígèjìnr	7
一举	yìjǔ	7
一举一动	yìjǔyídòng	7
一事无成	yíshìwúchéng	7
一些	yì xiē	1
一代	yídài	6
一会儿	yíhuir	1
一体	yìtǐ	7
一共	yígòng	2
一再	yízài	4
一切	yíqiè	3
一刹那	yíchànà	7
一动不动	yídòngbúdòng	7
一半	yí bàn	1
一卡通	yìkǎtōng	7
一口气	yì kǒu qì	5
一句话	yí jù huà	5
一同	yìtóng	6
一向	yíxiàng	5
一味	yíwèi	7
一回事	yìhuíshì	7
一块儿	yí kuàir	1
一塌糊涂	yìtāhútú	7
一声不吭	yìshēngbùkēng	7
一大早	yídàzǎo	7
一天到晚	yìtiāndàowǎn	7
一头	yìtóu	7
一如既往	yìrújìwǎng	7
一定	yídìng	2
一家人	yìjiārén	7
一帆风顺	yìfānfēngshùn	7
一带	yí dài	5
一干二净	yìgān'èrjìng	7
一年到头	yìniándàotóu	7
一应俱全	yìyīngjùquán	7
一度	yídù	7
一律	yílǜ	4
一心	yìxīn	7
一心一意	yìxīnyíyì	7
一成不变	yìchéngbúbiàn	7
一手	yìshǒu	7
一技之长	yíjìzhīcháng	7
一把手	yībāshǒu	7
一揽子	yìlǎnzi	7
一方面	yì fāng miàn	3
一旁	yìpáng	7
一无所有	yìwúsuǒyǒu	7
一无所知	yìwúsuǒzhī	7
一旦	yídàn	5
一早	yìzǎo	7
一时	yìshí	6
一晃	yíhuàng	7
一样	yíyàng	1
一概	yígài	7
一概而论	yígài'érlùn	7
一模一样	yìmúyíyàng	6
一次性	yícìxìng	6
一毛不拔	yìmáobùbá	7
一流	yīliú	5
一点儿	yīdiǎnr	1
一点点	yì diǎn diǎn	2
一生	yì shēng	2
一番	yìfān	6
一目了然	yímùliǎorán	7
一直	yìzhí	2
一眼	yìyǎn	7
一瞬间	yíshùnjiān	7
一筹莫展	yìchóumòzhǎn	7
一系列	yíxìliè	7
一线	yīxiàn	7
一经	yìjīng	7
一致	yízhì	4
一般	yìbān	2
一般来说	yì bān lái shuō	4
一行	yìxíng	6
一言一行	yìyányìxíng	7
一言不发	yìyánbùfā	7
一贯	yíguàn	6
一起	yìqi	1
一路	yí lù	5
一路上	yílùshàng	6
一路平安	yí lù píng ān	2
一路顺风	yí lù shùn fēng	2
一身	yì shēn	5
一辈子	yíbèizi	5
一边	yìbiān	1
一连	yìlián	7
一连串	yìliánchuàn	7
一道	yídào	6
一部分	yí bù fèn	2
一锅粥	yìguōzhōu	7
一长一短	yìchángyìduǎn	7
一阵	yízhèn	7
一面	yímiàn	7
一鼓作气	yìgǔzuòqì	7
一齐	yìqí	6
丁	dīng	7
七	qī	1
七嘴八舌	qīzuǐbāshé	7
万	wàn	2
万一	wànyī	4
万万	wànwàn	7
万分	wànfēn	7
万古长青	wàngǔchángqīng	7
万无一失	wànwúyīshī	7
万能	wànnéng	7
丈夫	zhàngfu	4
三	sān	1
三明治	sānmíngzhì	6
三番五次	sānfānwǔcì	7
三维	sānwéi	7
三角	sānjiǎo	7
上	shàng	1
上下	shàng xià	5
上个月	shàng gè yuè	4
上任	shàngrèn	7
上升	shàng shēng	3
上午	shàngwǔ	1
上去	shàng qù	3
上台	shàngtái	6
上司	shàngsī	7
上周	shàng zhōu	2
上场	shàngchǎng	7
上头	shàngtou	7
上学	shàng xué	1
上岗	shànggǎng	7
上市	shàngshì	6
上帝	shàngdì	6
上当	shàngdàng	6
上报	shàngbào	7
上方	shàngfāng	7
上旬	shàngxún	7
上映	shàngyìng	7
上期	shàngqī	7
上来	shàng lái	3
上楼	shàng lóu	4
上次	shàng cì	1
上流	shàngliú	7
上涨	shàng zhǎng	5
上游	shàngyóu	7
上演	shàngyǎn	6
上火	shànghuǒ	7
上班	shàngbān	1
上瘾	shàngyǐn	7
上空	shàngkōng	7
上级	shàngjí	5
上网	shàngwǎng	1
上衣	shàng yī	3
上诉	shàngsù	7
上课	shàng kè	1
上调	shàngtiáo	7
上车	shàng chē	1
上边	shàng biān	1
上述	shàngshù	7
上门	shàng mén	4
上限	shàngxiàn	7
上面	shàng miàn	3
下	xià	1
下一代	xiàyídài	7
下个月	xià gè yuè	4
下乡	xiàxiāng	7
下令	xiàlìng	7
下决心	xiàjuéxīn	7
下功夫	xiàgōngfu	7
下午	xiàwǔ	1
下去	xià qù	3
下台	xiàtái	7
下周	xià zhōu	2
下场	xiàchǎng	7
下坠	xiàzhuì	7
下属	xiàshǔ	7
下山	xiàshān	7
下岗	xiàgǎng	7
下意识	xiàyìshí	7
下手	xiàshǒu	7
下旬	xiàxún	7
下期	xiàqī	7
下来	xià lái	3
下棋	xiàqí	7
下楼	xià lóu	4
下次	xià cì	1
下海	xiàhǎi	7
下游	xiàyóu	7
下班	xià bān	1
下级	xiàjí	7
下落	xiàluò	7
下课	xià kè	1
下调	xiàtiáo	7
下跌	xiàdiē	7
下车	xià chē	1
下载	xiàzài	4
下边	xià biān	1
下降	xià jiàng	4
下雨	xiàyǔ	1
下雪	xià xuě	2
下面	xià miàn	3
不	bù	1
不一会儿	bù yī huìr	2
不一定	bù yī dìng	2
不为人知	bùwéirénzhī	7
不久	bù jiǔ	2
不了了之	bùliǎoliǎozhī	7
不予	bùyǔ	7
不亚于	búyàyú	7
不亦乐乎	búyìlèhū	7
不仅	bùjǐn	3
不仅仅	bùjǐnjǐn	6
不以为然	bùyǐwéirán	7
不但	bú dàn	2
不便	búbiàn	6
不值	bùzhí	6
不假思索	bùjiǎsīsuǒ	7
不停	bù tíng	5
不像话	búxiànghuà	7
不光	bù guāng	3
不免	bùmiǎn	5
不再	búzài	6
不准	bùzhǔn	7
不利	bú lì	5
不利于	búlìyú	7
不可思议	bùkěsīyì	7
不可避免	bùkěbìmiǎn	7
不同	bù tóng	2
不同寻常	bùtóngxúncháng	7
不在乎	bú zài hū	4
不堪	bùkān	7
不够	bú gòu	2
不大	bú dà	1
不太	bú tài	2
不好意思	bù hǎo yì si	2
不如	bùrú	2
不如说	bùrúshuō	7
不妨	bùfáng	7
不安	bù'ān	3
不定	búdìng	7
不宜	bùyí	7
不客气	bú kè qì	1
不容	bùróng	7
不对	bú duì	1
不少	bù shǎo	2
不屑	búxiè	7
不已	bùyǐ	7
不平	bùpíng	7
不幸	bú xìng	5
不得不	bùdébù	3
不得了	búdéliǎo	5
不得已	bùdéyǐ	7
不得而知	bùdé'érzhī	7
不必	bú bì	3
不怎么	bùzěnme	6
不怎么样	bùzěnmeyàng	6
不惜	bùxī	7
不慎	búshèn	7
不懈	búxiè	7
不成	bùchéng	6
不敢当	bùgǎndāng	5
不料	búliào	6
不断	búduàn	3
不时	bùshí	5
不易	bú yì	5
不景气	bùjǐngqì	7
不曾	bù céng	5
不服	bùfú	7
不服气	bùfúqì	7
不止	bùzhǐ	5
不正之风	búzhèngzhīfēng	7
不满	bù mǎn	2
不然	bùrán	4
不理	bùlǐ	7
不用	bú yòng	1
不用说	búyòngshuō	7
不由得	bùyóude	7
不由自主	bùyóuzìzhǔ	7
不相上下	bùxiāngshàngxià	7
不知	bùzhī	7
不知不觉	bùzhībùjué	7
不禁	bùjīn	6
不算	búsuàn	7
不管	bùguǎn	4
不约而同	bùyuē'értóng	7
不经意	bùjīngyì	7
不翼而飞	búyì'érfēi	7
不耐烦	búnàifán	5
不耻下问	bùchǐxiàwèn	7
不肯	bùkěn	7
不能不	bù néng bù	5
不至于	búzhìyú	6
不良	bù liáng	5
不行	bù xíng	2
不要	bú yào	2
不要紧	búyàojǐn	4
不见	bújiàn	6
不见得	bújiànde	7
不解	bùjiě	7
不许	bù xǔ	5
不论	bú lùn	3
不起眼	bùqǐyǎn	7
不足	bùzú	5
不辞而别	bùcí'érbié	7
不过	búguò	2
不适	búshì	7
不通	bùtōng	6
不错	bú cuò	2
不难	bùnán	7
不顾	búgù	5
与	yǔ	6
与众不同	yǔzhòngbùtóng	7
与其	yǔqí	7
与否	yǔfǒu	7
与日俱增	yǔrìjùzēng	7
与时俱进	yǔshíjùjìn	7
与此同时	yǔcǐtóngshí	7
丑	chǒu	5
丑恶	chǒu'è	7
丑闻	chǒuwén	7
丑陋	chǒulòu	7
专业	zhuānyè	3
专利	zhuānlì	5
专家	zhuānjiā	3
专心	zhuānxīn	4
专用	zhuānyòng	6
专辑	zhuān jí	5
专门	zhuānmén	3
专题	zhuāntí	3
且	qiě	7
世代	shìdài	7
世故	shìgu	7
世界	shìjiè	3
世界杯	shì jiè bēi	3
世界级	shìjièjí	7
世纪	shìjì	3
世袭	shìxí	7
丘陵	qiūlíng	7
业	yè	7
业余	yèyú	4
业务	yèwù	5
业绩	yèjì	7
丛林	cónglín	7
东	dōng	1
东北	dōng běi	2
东南	dōng nán	2
东奔西走	dōngbēnxīzǒu	7
东张西望	dōngzhāngxīwàng	7
东方	dōng fāng	2
东西	dōngxi	1
东边	dōng biān	1
东道主	dōngdàozhǔ	7
东部	dōng bù	3
丝	sī	7
丝毫	sīháo	7
丝绸	sīchóu	7
丢	diū	5
丢人	diūrén	7
丢失	diūshī	7
丢弃	diūqì	7
丢掉	diūdiào	7
丢脸	diūliǎn	7
两	liǎng	1
两侧	liǎngcè	6
两口子	liǎngkǒuzi	7
两岸	liǎng àn	5
两手	liǎngshǒu	6
两栖	liǎngqī	7
两边	liǎng biān	4
严	yán	4
严厉	yánlì	5
严密	yánmì	7
严峻	yánjùn	7
严格	yángé	4
严禁	yánjìn	7
严肃	yánsù	5
严谨	yánjǐn	7
严重	yánzhòng	4
丧失	sàngshī	6
丧生	sàngshēng	7
个	gè	1
个人	gèrén	3
个体	gètǐ	4
个儿	gèr	5
个别	gèbié	4
个头儿	gètóur	7
个子	gèzi	2
个性	gèxìng	3
个案	gè'àn	7
丫头	yātou	7
中	zhōng	1
中介	zhōngjiè	4
中医	zhōng yī	2
中午	zhōngwǔ	1
中华	zhōnghuá	6
中华民族	zhōng huá mín zú	3
中国	zhōngguó	1
中国画	zhōngguóhuà	7
中型	zhōngxíng	7
中外	zhōngwài	6
中央	zhōngyāng	5
中奖	zhòng jiǎng	4
中学	zhōng xué	1
中学生	zhōng xué shēng	1
中小学	zhōng xiǎo xué	2
中年	zhōng nián	2
中庸	zhōngyōng	7
中心	zhōngxīn	2
中性	zhōngxìng	7
中文	zhōngwén	1
中断	zhōngduàn	5
中旬	zhōngxún	7
中期	zhōngqī	6
中止	zhōngzhǐ	7
中毒	zhòng dú	5
中秋节	zhōng qiū jié	5
中立	zhōnglì	7
中等	zhōngděng	6
中级	zhōng jí	2
中药	zhōng yào	5
中途	zhōngtú	7
中部	zhōng bù	3
中间	zhōngjiān	1
中餐	zhōng cān	2
丰厚	fēnghòu	7
丰富	fēngfù	3
丰富多彩	fēngfùduōcǎi	7
丰收	fēngshōu	5
丰满	fēngmǎn	7
丰盛	fēngshèng	7
丰硕	fēngshuò	7
串	chuàn	6
串门	chuànmén	7
临	lín	7
临床	línchuáng	7
临时	línshí	4
临街	línjiē	7
临近	línjìn	7
丸	wán	7
为	wèi	2
为主	wéi zhǔ	5
为了	wèile	3
为人	wéirén	7
为什么	wèishénme	2
为何	wèihé	6
为期	wéiqī	5
为止	wéi zhǐ	5
为此	wèicǐ	6
为难	wéinán	5
主	zhǔ	7
主义	zhǔyì	7
主人	zhǔrén	2
主人翁	zhǔrénwēng	7
主任	zhǔrèn	3
主体	zhǔ tǐ	5
主力	zhǔlì	7
主办	zhǔbàn	5
主动	zhǔdòng	3
主妇	zhǔfù	7
主宰	zhǔzǎi	7
主导	zhǔdǎo	5
主席	zhǔxí	4
主张	zhǔzhāng	3
主意	zhǔyi	3
主持	zhǔchí	3
主持人	zhǔchírén	6
主权	zhǔquán	7
主流	zhǔliú	6
主演	zhǔyǎn	7
主管	zhǔguǎn	5
主编	zhǔbiān	7
主要	zhǔyào	2
主观	zhǔguān	5
主角	zhǔjué	6
主页	zhǔyè	7
主题	zhǔtí	4
主题歌	zhǔtígē	7
主食	zhǔshí	7
举	jǔ	2
举一反三	jǔyīfǎnsān	7
举世无双	jǔshìwúshuāng	7
举世瞩目	jǔshìzhǔmù	7
举世闻名	jǔshìwénmíng	7
举例	jǔlì	7
举办	jǔbàn	3
举动	jǔdòng	5
举手	jǔ shǒu	2
举报	jǔbào	7
举措	jǔcuò	7
举止	jǔzhǐ	7
举行	jǔxíng	2
举重	jǔzhòng	7
乃	nǎi	7
乃至	nǎizhì	7
久	jiǔ	3
久仰	jiǔyǎng	7
久违	jiǔwéi	7
义务	yìwù	4
义工	yìgōng	7
之	zhī	7
之一	zhī yī	4
之下	zhī xià	5
之中	zhī zhōng	5
之内	zhī nèi	5
之前	zhī qián	4
之后	zhī hòu	4
之外	zhī wài	5
之所以	zhīsuǒyǐ	7
之类	zhīlèi	6
之间	zhī jiān	4
乌云	wūyún	6
乐	lè	3
乐器	yuèqì	7
乐园	lèyuán	7
乐意	lèyì	7
乐曲	yuèqǔ	6
乐观	lèguān	3
乐趣	lèqù	4
乐队	yuè duì	3
乒乓球	pīngpāngqiú	7
乔装	qiáozhuāng	7
乖	guāi	7
乖巧	guāiqiǎo	7
乘	chéng	5
乘人之危	chéngrénzhīwēi	7
乘坐	chéngzuò	5
乘客	chéng kè	5
乘车	chéng chē	5
乙	yǐ	5
九	jiǔ	1
乞丐	qǐgài	7
乞求	qǐqiú	7
乞讨	qǐtǎo	7
也	yě	1
也好	yě hǎo	5
也就是说	yějiùshìshuō	7
也许	yěxǔ	2
习俗	xísú	7
习惯	xíguàn	2
乡	xiāng	5
乡下	xiāngxia	7
乡亲	xiāngqīn	7
乡村	xiāng cūn	5
书	shū	1
书写	shūxiě	7
书包	shū bāo	1
书店	shū diàn	1
书房	shūfáng	6
书架	shūjià	3
书柜	shū guì	5
书桌	shū zhuō	5
书橱	shūchú	7
书法	shūfǎ	5
书籍	shūjí	7
书记	shūji	7
书面	shūmiàn	7
买	mǎi	1
买不起	mǎibuqǐ	7
买卖	mǎi mài	5
乱	luàn	3
乱七八糟	luànqībāzāo	7
乳制品	rǔzhìpǐn	6
了	le	1
了不起	liǎobuqǐ	4
了却	liǎoquè	7
了结	liǎojié	7
了解	liǎojiě	4
予以	yǔyǐ	7
争	zhēng	3
争先恐后	zhēngxiānkǒnghòu	7
争光	zhēngguāng	7
争分夺秒	zhēngfēnduómiǎo	7
争取	zhēngqǔ	3
争吵	zhēngchǎo	7
争夺	zhēngduó	6
争执	zhēngzhí	7
争气	zhēngqì	7
争端	zhēngduān	7
争议	zhēngyì	5
争论	zhēnglùn	4
事	shì	1
事业	shìyè	3
事件	shìjiàn	3
事先	shìxiān	4
事务	shìwù	7
事务所	shìwùsuǒ	7
事后	shìhòu	6
事宜	shìyí	7
事实	shìshí	3
事实上	shì shí shàng	3
事态	shìtài	7
事情	shìqing	2
事故	shìgù	3
事物	shìwù	4
事迹	shìjì	7
事项	shìxiàng	7
二	èr	1
二手	èr shǒu	4
二手车	èrshǒuchē	7
二氧化碳	èryǎnghuàtàn	7
二维码	èr wéi mǎ	5
于	yú	6
于是	yúshì	4
亏	kuī	5
亏损	kuīsǔn	7
亏本	kuīběn	7
云	yún	2
互信	hùxìn	7
互动	hùdòng	6
互助	hùzhù	7
互相	hùxiāng	3
互联网	hùliánwǎng	3
互补	hùbǔ	7
互访	hùfǎng	7
五	wǔ	1
五星级	wǔxīngjí	7
五花八门	wǔhuābāmén	7
五颜六色	wǔ yán liù sè	4
井	jǐng	6
亚军	yàjūn	5
亚运会	yà yùn huì	4
些	xiē	4
亡羊补牢	wángyángbǔláo	7
交	jiāo	2
交付	jiāofù	7
交代	jiāodài	5
交叉	jiāochā	7
交响乐	jiāoxiǎngyuè	7
交头接耳	jiāotóujiē'ěr	7
交往	jiāowǎng	3
交情	jiāoqíng	7
交换	jiāohuàn	4
交接	jiāojiē	7
交易	jiāoyì	3
交替	jiāotì	7
交朋友	jiāo péng yǒu	2
交流	jiāoliú	3
交涉	jiāoshè	7
交界	jiāojiè	7
交纳	jiāonà	7
交给	jiāo gěi	2
交警	jiāo jǐng	3
交谈	jiāotán	7
交费	jiāo fèi	3
交通	jiāotōng	2
交锋	jiāofēng	7
交际	jiāojì	4
交集	jiāojí	7
亦	yì	7
产	chǎn	7
产业	chǎnyè	5
产值	chǎnzhí	7
产品	chǎnpǐn	4
产地	chǎndì	7
产物	chǎnwù	7
产生	chǎnshēng	3
产量	chǎnliàng	6
亩	mǔ	7
享	xiǎng	7
享受	xiǎngshòu	5
享有	xiǎngyǒu	7
京剧	jīngjù	3
亮	liàng	2
亮丽	liànglì	7
亮点	liàngdiǎn	7
亮相	liàngxiàng	7
亲	qīn	3
亲人	qīn rén	3
亲切	qīnqiè	3
亲友	qīnyǒu	7
亲和力	qīnhélì	7
亲密	qīnmì	4
亲属	qīnshǔ	6
亲情	qīnqíng	7
亲戚	qīnqi	7
亲手	qīnshǒu	7
亲朋好友	qīnpénghǎoyǒu	7
亲热	qīnrè	7
亲爱	qīn'ài	4
亲生	qīnshēng	7
亲眼	qīnyǎn	6
亲自	qīnzì	3
亲身	qīnshēn	7
亲近	qīnjìn	7
人	rén	1
人为	rénwéi	7
人事	rénshì	7
人们	rén men	2
人体	réntǐ	7
人力	rén lì	5
人口	rénkǒu	2
人员	rényuán	3
人品	rénpǐn	7
人均	rénjūn	7
人士	rénshì	5
人家	rénjiā	4
人工	réngōng	3
人工智能	réngōngzhìnéng	7
人性	rénxìng	7
人情	rénqíng	7
人手	rénshǒu	7
人才	réncái	3
人数	rén shù	2
人文	rénwén	7
人权	rénquán	6
人格	réngé	7
人次	réncì	7
人民	rén mín	3
人民币	rénmínbì	3
人气	rénqì	7
人物	rénwù	5
人生	rénshēng	3
人类	rénlèi	3
人缘儿	rényuánr	7
人群	rén qún	3
人行道	rénxíngdào	7
人质	rénzhì	7
人身	rénshēn	7
人选	rénxuǎn	7
人造	rénzào	7
人道	réndào	7
人间	rénjiān	5
亿	yì	2
什么	shénme	1
什么样	shén me yàng	2
仁慈	réncí	7
仅	jǐn	3
仅仅	jǐn jǐn	3
仅次于	jǐncìyú	7
仇	chóu	7
仇人	chóurén	7
仇恨	chóuhèn	7
今后	jìn hòu	2
今天	jīntiān	1
今年	jīn nián	1
今日	jīn rì	5
介于	jièyú	7
介入	jièrù	7
介意	jièyì	7
介绍	jièshào	1
仍	réng	3
仍旧	réngjiù	5
仍然	réngrán	3
从	cóng	1
从不	cóngbù	6
从业	cóngyè	7
从中	cóng zhōng	5
从事	cóngshì	3
从今以后	cóngjīnyǐhòu	7
从前	cóngqián	3
从头	cóngtóu	7
从容	cóngróng	7
从容不迫	cóngróngbúpò	7
从小	cóng xiǎo	2
从早到晚	cóngzǎodàowǎn	7
从未	cóngwèi	7
从来	cónglái	3
从来不	cóngláibù	7
从此	cóngcǐ	4
从没	cóngméi	6
从而	cóng'ér	5
仓库	cāngkù	6
仔细	zǐxì	5
他	tā	1
他人	tārén	7
他们	tā men	1
付	fù	3
付出	fù chū	4
付款	fùkuǎn	7
付费	fùfèi	7
仙女	xiānnǚ	7
仙鹤	xiānhè	7
代	dài	3
代价	dàijià	5
代号	dàihào	7
代替	dàitì	4
代理	dàilǐ	5
代理人	dàilǐrén	7
代表	dàibiǎo	3
代表团	dài biǎo tuán	3
代言人	dàiyánrén	7
令	lìng	5
以	yǐ	7
以上	yǐ shàng	2
以下	yǐ xià	2
以为	yǐwéi	2
以便	yǐbiàn	5
以免	yǐmiǎn	7
以内	yǐ nèi	4
以前	yǐqián	2
以及	yǐjí	4
以后	yǐ hòu	2
以外	yǐ wài	2
以往	yǐwǎng	5
以来	yǐlái	3
以至于	yǐzhìyú	7
以致	yǐzhì	7
以身作则	yǐshēnzuòzé	7
仪器	yíqì	6
仪式	yíshì	6
仪表	yíbiǎo	7
们	men	1
仰	yǎng	6
仲裁	zhòngcái	7
件	jiàn	2
价	jià	5
价位	jiàwèi	7
价值	jiàzhí	3
价值观	jiàzhíguān	7
价格	jiàgé	3
价钱	jià qián	3
任	rèn	3
任人宰割	rènrénzǎigē	7
任何	rènhé	3
任务	rènwu	3
任命	rènmìng	7
任意	rènyì	7
任期	rènqī	7
任职	rènzhí	7
份	fèn	2
份额	fèn'é	7
仿	fǎng	7
仿佛	fǎngfú	6
仿制	fǎngzhì	7
企业	qǐyè	4
企图	qǐtú	6
伊斯兰教	Yīsīlánjiào	7
休假	xiū jià	2
休克	xiūkè	7
休养	xiūyǎng	7
休息	xiūxi	1
休想	xiūxiǎng	7
休眠	xiūmián	7
休闲	xiūxián	5
众人	zhòngrén	7
众多	zhòng duō	5
众志成城	zhòngzhìchéngchéng	7
众所周知	zhòngsuǒzhōuzhī	7
优	yōu	7
优先	yōuxiān	5
优势	yōushì	3
优化	yōuhuà	7
优异	yōuyì	7
优惠	yōuhuì	5
优点	yōudiǎn	3
优秀	yōuxiù	4
优美	yōuměi	4
优良	yōu liáng	4
优质	yōuzhì	6
优越	yōuyuè	7
优雅	yōuyǎ	7
伙	huǒ	4
伙伴	huǒbàn	4
伙食	huǒshí	7
会	huì	1
会员	huì yuán	3
会场	huìchǎng	7
会意	huìyì	7
会晤	huìwù	7
会见	huìjiàn	6
会计	kuàijì	4
会议	huìyì	3
会诊	huìzhěn	7
会谈	huì tán	5
会长	huìzhǎng	6
会面	huìmiàn	7
伞	sǎn	4
伟大	wěidà	3
传	chuán	3
传人	chuánrén	7
传出	chuánchū	6
传奇	chuánqí	7
传媒	chuánméi	6
传承	chuánchéng	7
传授	chuánshòu	7
传播	chuánbō	3
传来	chuán lái	3
传染	chuánrǎn	7
传染病	chuánrǎnbìng	7
传真	chuánzhēn	5
传统	chuántǒng	4
传言	chuányán	6
传说	chuánshuō	3
传输	chuánshū	6
传达	chuándá	5
传递	chuán dì	5
传闻	chuánwén	7
伤	shāng	3
伤亡	shāngwáng	6
伤势	shāngshì	7
伤口	shāngkǒu	6
伤员	shāngyuán	6
伤害	shānghài	4
伤心	shāngxīn	3
伤感	shānggǎn	7
伤残	shāngcán	7
伤痕	shānghén	7
伤脑筋	shāngnǎojīn	7
伦理	lúnlǐ	7
伪装	wěizhuāng	7
伪造	wěizào	7
伯伯	bóbo	7
伯母	bómǔ	7
伯父	bófù	7
估算	gūsuàn	7
估计	gūjì	5
伴	bàn	7
伴侣	bànlǚ	6
伴奏	bànzòu	7
伴随	bànsuí	6
伸	shēn	5
伸张	shēnzhāng	7
伸手	shēnshǒu	7
伸缩	shēnsuō	7
伺候	cìhou	7
伺机	sìjī	7
似乎	sìhū	4
似是而非	sìshì'érfēi	7
似曾相识	sìcéngxiāngshí	7
似的	shìde	4
但	dàn	2
但愿	dànyuàn	7
但是	dàn shì	2
位	wèi	2
位于	wèiyú	4
位子	wèizi	7
位置	wèizhì	4
低	dī	2
低下	dīxià	7
低于	dī yú	5
低价	dījià	7
低估	dīgū	7
低头	dītóu	6
低温	dīwēn	6
低碳	dītàn	7
低调	dīdiào	7
低谷	dīgǔ	7
低迷	dīmí	7
住	zhù	1
住处	zhùchù	7
住宅	zhùzhái	6
住户	zhùhù	7
住房	zhù fáng	2
住院	zhù yuàn	2
体会	tǐhuì	3
体制	tǐzhì	7
体力	tǐ lì	5
体操	tǐ cāo	4
体检	tǐ jiǎn	4
体温	tǐwēn	7
体现	tǐxiàn	3
体积	tǐjī	5
体系	tǐxì	7
体育	tǐyù	2
体育场	tǐ yù chǎng	2
体育馆	tǐ yù guǎn	2
体能	tǐnéng	7
体谅	tǐliàng	7
体质	tǐzhì	7
体贴	tǐtiē	7
体重	tǐ zhòng	4
体面	tǐmiàn	7
体验	tǐyàn	3
何况	hékuàng	7
何处	héchù	7
何必	hébì	7
何时	héshí	7
何苦	hékǔ	7
余	yú	7
余地	yúdì	7
余额	yú'é	7
佛	fó	6
佛教	fójiào	6
作	zuò	6
作业	zuòyè	2
作为	zuòwéi	4
作出	zuò chū	4
作品	zuòpǐn	3
作家	zuòjiā	2
作废	zuòfèi	6
作战	zuòzhàn	6
作文	zuòwén	2
作用	zuòyòng	2
作者	zuòzhě	3
你	nǐ	1
你们	nǐ men	1
佩服	pèifú	7
佳节	jiājié	7
使	shǐ	3
使劲	shǐ jìn	4
使命	shǐmìng	7
使唤	shǐhuan	7
使得	shǐ de	5
使用	shǐyòng	2
使者	shǐzhě	7
侃大山	kǎndàshān	7
例外	lìwài	5
例如	lìrú	2
例子	lì zi	2
侍候	shìhòu	7
供	gōng	7
供不应求	gōngbùyìngqiú	7
供奉	gòngfèng	7
供应	gōng yìng	4
供暖	gōngnuǎn	7
供求	gōngqiú	7
供给	gōngjǐ	6
依	yī	7
依依不舍	yīyībùshě	7
依托	yītuō	7
依据	yījù	5
依旧	yījiù	5
依次	yīcì	6
依法	yī fǎ	5
依然	yīrán	4
依照	yī zhào	5
依赖	yīlài	6
依靠	yīkào	4
侠义	xiáyì	7
侦察	zhēnchá	7
侧	cè	6
侧重	cèzhòng	7
侧面	cèmiàn	7
侮辱	wǔrǔ	7
侵占	qīnzhàn	7
侵害	qīnhài	7
侵权	qīnquán	7
侵犯	qīnfàn	6
侵略	qīnlüè	7
便于	biànyú	5
便利	biànlì	5
便利店	biànlìdiàn	7
便宜	piányi	2
便捷	biànjié	7
便条	biàntiáo	5
便道	biàndào	7
便饭	biànfàn	7
促使	cùshǐ	4
促成	cùchéng	7
促进	cùjìn	4
促销	cù xiào	4
俄语	Éyǔ	7
俊	jùn	7
俊俏	jùnqiào	7
俗	sú	7
俗话	súhuà	7
俗话说	súhuàshuō	7
俗语	súyǔ	7
俘获	fúhuò	7
俘虏	fúlǔ	7
保	bǎo	3
保佑	bǎoyòu	7
保修	bǎoxiū	7
保养	bǎoyǎng	5
保卫	bǎowèi	5
保姆	bǎomǔ	7
保存	bǎocún	3
保守	bǎoshǒu	4
保安	bǎo ān	3
保密	bǎomì	4
保护	bǎohù	3
保持	bǎochí	3
保暖	bǎonuǎn	7
保留	bǎoliú	3
保管	bǎoguǎn	6
保证	bǎozhèng	3
保质期	bǎozhìqī	7
保重	bǎozhòng	7
保险	bǎoxiǎn	3
保障	bǎozhàng	7
保鲜	bǎoxiān	7
信	xìn	2
信仰	xìnyǎng	6
信件	xìnjiàn	7
信任	xìnrèn	3
信号	xìnhào	2
信封	xìnfēng	3
信心	xìnxīn	2
信念	xìnniàn	5
信息	xìnxī	2
信用	xìnyòng	6
信用卡	xìnyòngkǎ	2
信箱	xìn xiāng	5
信誉	xìnyù	7
信贷	xìndài	7
信赖	xìnlài	7
俩	liǎ	4
修	xiū	3
修养	xiūyǎng	5
修复	xiūfù	5
修建	xiūjiàn	5
修改	xiūgǎi	3
修正	xiūzhèng	7
修理	xiūlǐ	4
修补	xiūbǔ	7
修订	xiūdìng	7
修路	xiūlù	7
修车	xiūchē	6
修长	xiūcháng	7
俯首	fǔshǒu	7
俱乐部	jùlèbù	5
倍	bèi	4
倒	dǎo	2
倒下	dǎoxià	7
倒卖	dǎomài	7
倒塌	dǎotā	7
倒数	dàoshǔ	7
倒是	dào shì	5
倒计时	dàojìshí	7
倒车	dǎo chē	4
倒闭	dǎobì	4
倒霉	dǎoméi	7
倔	juè	7
倔强	juéjiàng	7
倘若	tǎngruò	7
候选人	hòuxuǎnrén	7
倚	yǐ	7
借	jiè	2
借助	jièzhù	7
借口	jièkǒu	7
借条	jiètiáo	7
借用	jièyòng	7
借鉴	jièjiàn	6
倡导	chàngdǎo	5
倡议	chàngyì	7
债	zhài	6
债务	zhàiwù	7
值	zhí	3
值得	zhíde	3
值班	zhíbān	5
值钱	zhíqián	7
倾向	qīngxiàng	6
倾听	qīngtīng	7
倾家荡产	qīngjiādàngchǎn	7
倾斜	qīngxié	7
倾诉	qīngsù	7
倾销	qīngxiāo	7
假	jiǎ	2
假使	jiǎshǐ	7
假冒	jiǎmào	7
假如	jiǎrú	4
假定	jiǎdìng	7
假日	jiàrì	6
假期	jià qī	2
假装	jiǎzhuāng	7
假设	jiǎshè	7
偏	piān	6
偏偏	piānpiān	7
偏僻	piānpì	7
偏向	piānxiàng	7
偏差	piānchā	7
偏方	piānfāng	7
偏见	piānjiàn	7
偏远	piānyuǎn	7
做	zuò	1
做到	zuò dào	2
做客	zuò kè	3
做梦	zuò mèng	4
做法	zuò fǎ	2
做饭	zuò fàn	2
停	tíng	2
停下	tíng xià	4
停业	tíngyè	7
停放	tíngfàng	7
停止	tíng zhǐ	3
停泊	tíngbó	7
停电	tíngdiàn	7
停留	tíng liú	5
停车	tíng chē	2
停车位	tíngchēwèi	7
停车场	tíng chē chǎng	2
停顿	tíngdùn	7
健全	jiànquán	5
健壮	jiànzhuàng	7
健康	jiànkāng	2
健美	jiànměi	7
健身	jiànshēn	4
偶像	ǒuxiàng	5
偶尔	ǒu'ěr	5
偶然	ǒurán	5
偷	tōu	5
偷偷	tōu tōu	5
偷懒	tōulǎn	7
偷看	tōukàn	7
偷窥	tōukuī	7
偿还	chánghuán	7
储备	chǔbèi	7
储存	chǔcún	6
储蓄	chǔxù	7
催	cuī	7
催促	cuīcù	7
催眠	cuīmián	7
傲	ào	7
傲慢	àomàn	7
傻	shǎ	5
傻瓜	shǎguā	7
像	xiàng	2
像样	xiàngyàng	7
僧人	sēngrén	7
僵	jiāng	7
僵化	jiānghuà	7
僵局	jiāngjú	7
僻静	pìjìng	7
儒学	rúxué	7
儒家	Rújiā	7
儿女	ér nǚ	5
儿子	érzi	1
儿科	érkē	6
儿童	értóng	4
允许	yǔnxǔ	6
元	yuán	1
元宵节	Yuánxiāojié	7
元旦	yuándàn	5
元素	yuánsù	6
元老	yuánlǎo	7
元首	yuánshǒu	7
兄弟	xiōngdì	4
充	chōng	7
充分	chōngfèn	4
充实	chōngshí	7
充当	chōngdāng	7
充沛	chōngpèi	7
充满	chōngmǎn	3
充电	chōng diàn	4
充电器	chōngdiànqì	4
充足	chōngzú	5
兆头	zhàotou	7
先	xiān	1
先例	xiānlì	7
先前	xiānqián	5
先后	xiān hòu	5
先天	xiāntiān	7
先生	xiānsheng	1
先进	xiānjìn	3
先锋	xiānfēng	6
光	guāng	3
光临	guānglín	4
光彩	guāngcǎi	7
光明	guāngmíng	3
光明磊落	guāngmínglěiluò	7
光泽	guāngzé	7
光滑	guānghuá	7
光环	guānghuán	7
光盘	guāngpán	4
光碟	guāngdié	7
光线	guāng xiàn	5
光缆	guānglǎn	7
光芒	guāngmáng	7
光荣	guāngróng	5
光辉	guānghuī	6
光顾	guānggù	7
克	kè	2
克服	kèfú	3
免	miǎn	7
免不了	miǎnbuliǎo	7
免得	miǎndé	6
免疫	miǎnyì	7
免职	miǎnzhí	7
免费	miǎnfèi	4
免除	miǎnchú	7
兑换	duìhuàn	7
兑现	duìxiàn	7
兔	tù	5
党	dǎng	6
兜	dōu	7
兜儿	dōur	7
兜售	dōushòu	7
兢兢业业	jīngjīngyèyè	7
入	rù	6
入侵	rùqīn	7
入口	rùkǒu	2
入场	rùchǎng	7
入场券	rùchǎngquàn	7
入境	rùjìng	7
入学	rùxué	6
入手	rùshǒu	7
入选	rùxuǎn	7
入门	rù mén	5
全	quán	2
全世界	quán shì jiè	5
全体	quán tǐ	2
全力	quánlì	6
全力以赴	quánlìyǐfù	7
全国	quán guó	2
全场	quán chǎng	3
全家	quán jiā	2
全局	quánjú	7
全年	quán nián	2
全心全意	quánxīnquányì	7
全文	quánwén	7
全新	quánxīn	6
全方位	quánfāngwèi	7
全球	quán qiú	3
全程	quánchéng	7
全能	quánnéng	7
全身	quán shēn	2
全部	quánbù	2
全都	quán dōu	5
全长	quáncháng	7
全面	quánmiàn	3
八	bā	1
八卦	bāguà	7
公	gōng	6
公主	gōngzhǔ	6
公事	gōngshì	7
公交车	gōng jiāo chē	2
公仆	gōngpú	7
公众	gōngzhòng	6
公元	gōngyuán	4
公共	gōng gòng	3
公共场所	gōnggòngchǎngsuǒ	7
公共汽车	gōnggòngqìchē	2
公关	gōngguān	7
公函	gōnghán	7
公务	gōngwù	7
公务员	gōng wù yuán	3
公司	gōngsī	2
公告	gōnggào	5
公园	gōngyuán	2
公墓	gōngmù	7
公安	gōng'ān	6
公安局	gōng'ānjú	7
公寓	gōngyù	7
公布	gōngbù	3
公平	gōngpíng	2
公开	gōngkāi	3
公开信	gōngkāixìn	7
公式	gōngshì	5
公斤	gōngjīn	2
公款	gōngkuǎn	7
公正	gōngzhèng	5
公民	gōngmín	3
公然	gōngrán	7
公用	gōngyòng	7
公益	gōngyì	7
公益性	gōngyìxìng	7
公示	gōngshì	7
公积金	gōngjījīn	7
公立	gōnglì	7
公约	gōngyuē	7
公职	gōngzhí	7
公认	gōngrèn	5
公证	gōngzhèng	7
公费	gōngfèi	7
公路	gōng lù	2
公车	gōngchē	7
公道	gōngdào	7
公里	gōnglǐ	2
公顷	gōngqǐng	7
公鸡	gōngjī	6
六	liù	1
共	gòng	4
共享	gòng xiǎng	5
共同	gòngtóng	3
共同体	gòngtóngtǐ	7
共性	gòngxìng	7
共有	gòng yǒu	3
共计	gòngjì	5
共识	gòngshí	7
共鸣	gòngmíng	7
关	guān	1
关上	guān shàng	1
关于	guānyú	4
关头	guāntóu	7
关心	guānxīn	2
关怀	guānhuái	5
关掉	guāndiào	7
关机	guān jì	2
关注	guān zhù	3
关照	guānzhào	7
关爱	guān'ài	6
关税	guānshuì	7
关系	guānxì	3
关联	guānlián	6
关节	guānjié	7
关键	guānjiàn	5
关闭	guānbì	4
兴奋	xīngfèn	4
兴奋剂	xīngfènjì	7
兴建	xīngjiàn	7
兴旺	xīngwàng	6
兴致	xìngzhì	7
兴起	xīngqǐ	7
兴趣	xìng qù	4
兴高采烈	xìnggāocǎiliè	7
兵	bīng	4
其	qí	5
其中	qízhōng	2
其他	qítā	2
其余	qíyú	4
其后	qíhòu	7
其实	qíshí	3
其次	qícì	3
其间	qíjiān	7
具体	jùtǐ	3
具备	jùbèi	4
具有	jù yǒu	3
典型	diǎnxíng	4
典礼	diǎnlǐ	5
典范	diǎnfàn	7
养	yǎng	2
养成	yǎngchéng	4
养殖	yǎngzhí	7
养活	yǎnghuo	7
养生	yǎngshēng	7
养老	yǎnglǎo	6
养老金	yǎnglǎojīn	7
养老院	yǎnglǎoyuàn	7
兼	jiān	7
兼任	jiānrèn	7
兼容	jiānróng	7
兼职	jiānzhí	7
兼顾	jiāngù	7
内	nèi	3
内向	nèixiàng	7
内在	nèizài	5
内地	nèidì	6
内外	nèiwài	6
内存	nèicún	7
内容	nèiróng	3
内幕	nèimù	7
内心	nèi xīn	3
内涵	nèihán	7
内科	nèikē	4
内行	nèiháng	7
内衣	nèiyī	6
内部	nèibù	4
内阁	nèigé	7
内需	nèixū	7
册	cè	5
再	zài	1
再三	zàisān	4
再也	zài yě	5
再度	zàidù	7
再次	zài cì	5
再现	zàixiàn	7
再生	zàishēng	6
再见	zàijiàn	1
再说	zàishuō	6
冒	mào	5
冒充	màochōng	7
冒昧	màomèi	7
冒犯	màofàn	7
冒险	màoxiǎn	7
冗长	rǒngcháng	7
写	xiě	1
写作	xiězuò	3
写字台	xiězìtái	6
写字楼	xiězìlóu	6
写照	xiězhào	7
军事	jūnshì	6
军人	jūn rén	5
军官	jūnguān	7
军舰	jūnjiàn	6
军队	jūnduì	6
农业	nóngyè	3
农产品	nóng chǎn pǐn	5
农作物	nóngzuòwù	7
农历	nónglì	7
农场	nóngchǎng	7
农村	nóngcūn	3
农民	nóngmín	3
农民工	nóngmíngōng	7
冠军	guànjūn	5
冤	yuān	7
冤枉	yuānwang	7
冬天	dōng tiān	2
冬季	dōng jì	4
冰	bīng	4
冰山	bīngshān	7
冰棍儿	bīnggùnr	7
冰箱	bīngxiāng	4
冰雪	bīng xuě	4
冲	chōng	4
冲击	chōngjī	6
冲刺	chōngcì	7
冲动	chōngdòng	5
冲撞	chōngzhuàng	7
冲洗	chōngxǐ	7
冲浪	chōnglàng	7
冲突	chōngtū	5
决不	jué bù	5
决定	juédìng	3
决心	juéxīn	3
决策	juécè	6
决议	juéyì	7
决赛	juésài	3
况且	kuàngqiě	7
冷	lěng	1
冷冻	lěngdòng	7
冷战	lěngzhàn	7
冷气	lěngqì	6
冷水	lěngshuǐ	6
冷淡	lěngdàn	7
冷漠	lěngmò	7
冷笑	lěngxiào	7
冷落	lěngluò	7
冷酷	lěngkù	7
冷酷无情	lěngkùwúqíng	7
冷门	lěngmén	7
冷静	lěngjìng	4
冻	dòng	5
冻结	dòngjié	7
净	jìng	6
净化	jìnghuà	7
凄凉	qīliáng	7
准	zhǔn	3
准备	zhǔnbèi	1
准时	zhǔnshí	4
准确	zhǔnquè	2
凉	liáng	2
凉快	liángkuai	2
凉水	liáng shuǐ	3
凉爽	liángshuǎng	7
凉鞋	liángxié	6
凌晨	língchén	7
减	jiǎn	4
减免	jiǎnmiǎn	7
减压	jiǎnyā	7
减少	jiǎnshǎo	4
减弱	jiǎnruò	7
减肥	jiǎnféi	4
减轻	jiǎn qīng	5
减速	jiǎnsù	7
凑	còu	7
凑合	còuhe	7
凑巧	còuqiao	7
凝固	nínggù	7
凝聚	níngjù	7
几	jǐ	1
几乎	jīhū	4
几率	jīlǜ	7
凡	fán	7
凡是	fánshì	6
凤凰	fènghuáng	7
凭	píng	5
凭借	píngjiè	7
凭着	píngzhe	7
凭证	píngzhèng	7
凯歌	kǎigē	7
凳子	dèngzi	7
凶	xiōng	6
凶恶	xiōng'è	7
凶手	xiōngshǒu	6
凶残	xiōngcán	7
凶狠	xiōnghěn	7
凶猛	xiōngměng	7
凸	tū	7
凸显	tūxiǎn	7
凹	āo	7
凹凸	āotū	6
出	chū	1
出丑	chūchǒu	7
出主意	chūzhǔyi	7
出事	chūshì	6
出于	chū yú	5
出人意料	chūrényìliào	7
出任	chūrèn	7
出众	chūzhòng	7
出入	chūrù	6
出具	chūjù	7
出动	chūdòng	6
出卖	chūmài	7
出去	chū qù	1
出发	chūfā	2
出发点	chūfādiǎn	7
出口	chū kǒu	2
出口成章	chūkǒuchéngzhāng	7
出台	chūtái	6
出名	chūmíng	6
出售	chū shòu	4
出国	chū guó	2
出土	chūtǔ	7
出场	chūchǎng	6
出境	chūjìng	7
出头	chūtóu	7
出局	chújú	7
出山	chūshān	7
出差	chūchāi	5
出席	chūxí	4
出息	chūxi	7
出手	chūshǒu	7
出来	chū lái	1
出毛病	chūmáobìng	7
出汗	chū hàn	5
出洋相	chūyángxiàng	7
出游	chūyóu	7
出演	chūyǎn	7
出版	chūbǎn	5
出版社	chūbǎnshè	7
出现	chūxiàn	2
出生	chūshēng	2
出示	chūshì	7
出租	chū zū	2
出租车	chūzūchē	2
出自	chū zì	7
出色	chūsè	4
出血	chūxiě	7
出行	chūxíng	6
出访	chūfǎng	6
出资	chūzī	7
出走	chūzǒu	7
出路	chūlù	6
出身	chūshēn	7
出道	chūdào	7
出门	chū mén	2
出院	chū yuàn	2
出难题	chūnántí	7
出面	chūmiàn	6
出风头	chūfēngtou	7
函授	hánshòu	7
凿	záo	7
刀	dāo	3
刁难	diāonàn	7
分	fēn	1
分为	fēn wéi	4
分之	fēn zhī	4
分享	fēn xiǎng	5
分别	fēnbié	3
分割	fēngē	7
分化	fēnhuà	7
分外	fènwài	7
分寸	fēncun	7
分工	fēngōng	6
分布	fēnbù	4
分开	fēn kāi	2
分成	fēn chéng	5
分手	fēnshǒu	4
分担	fēndān	7
分支	fēnzhī	7
分散	fēnsàn	4
分数	fēn shù	2
分明	fēnmíng	7
分析	fēnxī	5
分歧	fēnqí	7
分泌	fēnmì	7
分离	fēn lí	5
分类	fēn lèi	5
分红	fēnhóng	7
分组	fēn zǔ	3
分裂	fēnliè	6
分解	fēnjiě	5
分赃	fēnzāng	7
分辨	fēnbiàn	7
分配	fēnpèi	3
分量	fènliàng	7
分钟	fēnzhōng	2
切	qiē	4
切割	qiēgē	7
切实	qièshí	6
切断	qiēduàn	7
切身	qièshēn	7
切除	qiēchú	7
刊物	kānwù	7
刊登	kāndēng	7
刑法	xíngfǎ	7
划	huá	4
划分	huàfēn	5
划时代	huàshídài	7
划算	huásuàn	7
划船	huá chuán	3
列	liè	4
列为	liè wéi	4
列举	lièjǔ	7
列入	liè rù	4
列车	lièchē	4
则	zé	7
刚	gāng	2
刚刚	gāng gāng	2
刚好	gānghǎo	6
刚才	gāngcái	2
刚毅	gāngyì	7
创	chuàng	7
创业	chuàngyè	3
创伤	chuāngshāng	7
创作	chuàngzuò	3
创办	chuàngbàn	6
创始人	chuàngshǐrén	7
创建	chuàngjiàn	6
创意	chuàngyì	6
创新	chuàngxīn	3
创立	chuànglì	5
创造	chuàngzào	3
初	chū	3
初中	chū zhōng	3
初期	chū qī	5
初次	chūcì	7
初步	chūbù	3
初等	chūděng	6
初级	chūjí	3
初衷	chūzhōng	7
删	shān	7
删除	shānchú	7
判	pàn	6
判决	pànjué	7
判处	pànchǔ	7
判定	pàndìng	7
判断	pànduàn	3
刨	páo	7
利	lì	6
利害	lìhài	7
利息	lìxī	4
利润	lìrùn	5
利率	lìlǜ	7
利用	lìyòng	3
利益	lìyì	4
利索	lìsuo	7
别	bié	1
别人	bié rén	1
别具匠心	biéjùjiàngxīn	7
别墅	biéshù	7
别扭	bièniu	7
别提了	biétíle	7
别的	bié de	1
别看	biékàn	7
别致	biézhì	7
别说	biéshuō	7
刮	guā	6
刮风	guāfēng	7
到	dào	1
到位	dàowèi	7
到处	dàochù	2
到头来	dàotóulái	7
到底	dàodǐ	3
到期	dàoqī	6
到来	dào lái	5
到达	dàodá	3
制	zhì	7
制作	zhìzuò	3
制品	zhìpǐn	7
制定	zhìdìng	3
制度	zhìdù	3
制成	zhì chéng	5
制服	zhìfú	7
制止	zhìzhǐ	7
制约	zhìyuē	5
制裁	zhìcái	7
制订	zhì dìng	4
制造	zhìzào	3
刷	shuā	4
刷子	shuā zi	4
刷新	shuāxīn	7
刷牙	shuāyá	4
券	quàn	6
刹车	shāchē	7
刺	cì	4
刺激	cìjī	4
刺绣	cìxiù	7
刺耳	cì'ěr	7
刺骨	cìgǔ	7
刻	kè	2
剂	jì	7
剃	tì	7
削	xiāo	7
削弱	xuēruò	7
前	qián	1
前不久	qiánbùjiǔ	7
前仰后合	qiányǎnghòuhé	7
前任	qiánrèn	7
前台	qiántái	7
前后	qián hòu	3
前夕	qiánxī	7
前天	qián tiān	1
前头	qián tou	4
前年	qián nián	2
前往	qián wǎng	3
前所未有	qiánsuǒwèiyǒu	7
前提	qiántí	5
前方	qiánfāng	6
前无古人	qiánwúgǔrén	7
前景	qiánjǐng	5
前期	qiánqī	7
前来	qiánlái	6
前沿	qiányán	7
前线	qiánxiàn	7
前者	qiánzhě	7
前赴后继	qiánfùhòujì	7
前辈	qiánbèi	7
前边	qián biān	1
前进	qián jìn	3
前途	qiántú	4
前面	qiánmiàn	3
剑	jiàn	6
剔除	tīchú	7
剥	bāo	7
剥削	bōxuē	7
剥夺	bōduó	7
剧	jù	6
剧团	jùtuán	7
剧场	jù chǎng	3
剧情	jùqíng	7
剧本	jùběn	5
剧烈	jùliè	7
剧目	jùmù	7
剧组	jùzǔ	7
剧院	jùyuàn	7
剩	shèng	5
剩下	shèng xià	5
剩余	shèngyú	7
剪	jiǎn	5
剪刀	jiǎndāo	5
剪子	jiǎn zi	5
副	fù	6
副作用	fùzuòyòng	7
割	gē	7
劈	pī	7
力	lì	3
力不从心	lìbùcóngxīn	7
力争	lìzhēng	7
力度	lìdù	7
力所能及	lìsuǒnéngjí	7
力气	lìqi	4
力求	lìqiú	7
力量	lìliàng	3
劝	quàn	5
劝告	quàngào	7
劝说	quànshuō	7
劝阻	quànzǔ	7
办	bàn	2
办不到	bànbudào	7
办事	bàn shì	4
办公室	bàngōngshì	2
办法	bànfǎ	2
办理	bànlǐ	3
功	gōng	7
功力	gōnglì	7
功劳	gōngláo	7
功夫	gōngfu	3
功底	gōngdǐ	7
功效	gōngxiào	7
功率	gōnglǜ	7
功能	gōngnéng	3
功臣	gōngchén	7
功课	gōng kè	3
加	jiā	2
加上	jiā shàng	5
加以	jiā yǐ	5
加入	jiā rù	4
加剧	jiājù	7
加工	jiāgōng	3
加强	jiā qiáng	3
加快	jiā kuài	3
加油	jiā yóu	2
加油站	jiāyóuzhàn	4
加深	jiāshēn	7
加热	jiā rè	5
加班	jiābān	4
加盟	jiāméng	6
加紧	jiājǐn	7
加速	jiā sù	5
加重	jiāzhòng	7
务实	wùshí	7
务必	wùbì	7
劣势	lièshì	7
劣质	lièzhì	7
动	dòng	1
动不动	dòngbudòng	7
动人	dòng rén	3
动作	dòngzuò	1
动力	dònglì	3
动向	dòngxiàng	7
动听	dòngtīng	7
动员	dòngyuán	5
动工	dònggōng	7
动弹	dòngtan	7
动态	dòngtài	5
动感	dònggǎn	7
动手	dòngshǒu	5
动摇	dòng yáo	4
动机	dòngjī	5
动物	dòngwù	2
动物园	dòng wù yuán	2
动用	dòngyòng	7
动画	dònghuà	6
动画片	dònghuàpiàn	4
动脉	dòngmài	7
动荡	dòngdàng	7
动身	dòngshēn	7
动静	dòngjing	7
助威	zhùwēi	7
助手	zhùshǒu	5
助理	zhùlǐ	5
努力	nǔlì	2
劫	jié	7
劫持	jiéchí	7
励志	lìzhì	7
劲头	jìntóu	7
劳务	láowù	7
劳动	láodòng	5
劳动力	láodònglì	7
劳累	láolèi	7
势不可当	shìbùkědāng	7
势力	shìlì	5
势头	shìtou	7
势必	shìbì	7
勇于	yǒngyú	7
勇往直前	yǒngwǎngzhíqián	7
勇敢	yǒnggǎn	4
勇气	yǒngqì	4
勉强	miǎnqiǎng	7
勋章	xūnzhāng	7
勒	lēi	7
勘探	kāntàn	7
募捐	mùjuān	7
勤劳	qínláo	7
勤奋	qínfèn	5
勤工俭学	qíngōngjiǎnxué	7
勤快	qínkuai	7
勺	sháo	6
勾	gōu	7
勾画	gōuhuà	7
勾结	gōujié	7
勿	wù	7
包	bāo	1
包含	bāohán	4
包围	bāowéi	5
包子	bāo zi	1
包容	bāoróng	7
包庇	bāobì	6
包扎	bāozā	7
包括	bāokuò	4
包袱	bāofu	6
包装	bāozhuāng	5
包裹	bāoguǒ	4
匆匆	cōngcōng	7
匆忙	cōngmáng	7
化	huà	3
化妆	huàzhuāng	7
化石	huàshí	5
化纤	huàxiān	7
化肥	huàféi	7
化解	huàjiě	6
化身	huàshēn	7
化险为夷	huàxiǎnwéiyí	7
化验	huàyàn	7
北	běi	1
北京	běi jīng	1
北方	běifāng	2
北极	běijí	5
北边	běi biān	1
北部	běi bù	3
匹	pǐ	5
匹配	pǐpèi	7
区	qū	3
区分	qūfēn	6
区别	qūbié	3
区域	qūyù	5
医务	yīwù	7
医学	yī xué	4
医生	yīshēng	1
医疗	yī liáo	4
医药	yīyào	6
医院	yīyuàn	1
匿名	nìmíng	7
十	shí	1
十分	shífēn	2
十字路口	shízìlùkǒu	7
十足	shízú	5
千	qiān	2
千万	qiānwàn	3
千克	qiān kè	2
千军万马	qiānjūnwànmǎ	7
千变万化	qiānbiànwànhuà	7
千家万户	qiānjiāwànhù	7
千方百计	qiānfāngbǎijì	7
千钧一发	qiānjūnyífà	7
升	shēng	3
升值	shēngzhí	6
升学	shēngxué	6
升温	shēngwēn	7
升级	shēngjí	6
升高	shēng gāo	5
午睡	wǔ shuì	2
午餐	wǔ cān	2
午饭	wǔ fàn	1
半	bàn	1
半信半疑	bànxìnbànyí	7
半场	bànchǎng	7
半夜	bàn yè	2
半天	bàn tiān	1
半岛	bàndǎo	7
半年	bàn nián	1
半数	bànshù	7
半真半假	bànzhēnbànjiǎ	7
半路	bànlù	7
半边天	bànbiāntiān	7
半途而废	bàntú'érfèi	6
华丽	huálì	7
华人	huá rén	3
华侨	huáqiáo	7
华裔	huáyì	7
华语	huá yǔ	5
协会	xiéhuì	6
协作	xiézuò	7
协助	xiézhù	6
协同	xiétóng	7
协商	xiéshāng	6
协定	xiédìng	7
协议	xiéyì	5
协议书	xié yì shū	5
协调	xiétiáo	6
卑鄙	bēibǐ	7
单	dān	4
单一	dān yī	5
单位	dānwèi	2
单元	dānyuán	3
单打	dāndǎ	6
单方面	dānfāngmiàn	7
单独	dāndú	4
单纯	dānchún	4
单薄	dānbó	7
单调	dāndiào	4
单身	dānshēn	7
单边	dānbiān	7
卖	mài	2
卖弄	màinong	7
南	nán	1
南北	nán běi	5
南方	nán fāng	2
南极	nán jí	5
南瓜	nánguā	7
南边	nán biān	1
南部	nán bù	3
博士	bóshì	5
博客	bó kè	5
博物馆	bówùguǎn	5
博览会	bólǎnhuì	5
占	zhàn	2
占卜	zhānbǔ	7
占据	zhànjù	6
占有	zhàn yǒu	5
占用	zhànyòng	7
占领	zhànlǐng	5
卡	kǎ	2
卡子	qiǎzi	7
卡片	kǎpiàn	7
卡车	kǎchē	7
卡通	kǎtōng	7
卤味	lǔwèi	7
卧	wò	7
卧室	wòshì	5
卧铺	wòpù	6
卫星	wèixīng	5
卫生	wèi shēng	3
卫生间	wèishēngjiān	3
卫视	wèishì	7
印	yìn	6
印刷	yìnshuā	5
印刷术	yìnshuāshù	7
印章	yìnzhāng	7
印证	yìnzhèng	7
印象	yìnxiàng	3
危及	wēijí	7
危害	wēihài	3
危急	wēijí	7
危机	wēijī	6
危险	wēixiǎn	3
即	jí	7
即使	jíshǐ	5
即便	jíbiàn	7
即可	jíkě	7
即将	jíjiāng	4
却	què	4
却是	quèshì	6
卵	luǎn	7
卷	juǎn	4
卷入	juǎnrù	7
卷子	juànzi	7
卸	xiè	7
厂	chǎng	3
厂商	chǎngshāng	6
厂家	chǎngjiā	7
厂长	chǎng zhǎng	5
厄运	èyùn	7
厅	tīng	5
历史	lìshǐ	4
历届	lìjiè	7
历时	lìshí	7
历来	lìlái	7
历程	lìchéng	7
历经	lìjīng	7
厉害	lìhai	5
压	yā	3
压倒	yādǎo	7
压制	yāzhì	7
压力	yālì	3
压抑	yāyì	7
压缩	yāsuō	7
压迫	yāpò	6
厌倦	yànjuàn	7
厌烦	yànfán	7
厕所	cèsuǒ	6
厘米	límǐ	4
厚	hòu	4
厚度	hòudù	7
厚道	hòudao	7
原	yuán	6
原先	yuánxiān	5
原则	yuánzé	4
原创	yuánchuàng	7
原告	yuángào	6
原因	yuányīn	2
原地	yuándì	7
原型	yuánxíng	7
原始	yuánshǐ	5
原料	yuánliào	4
原有	yuán yǒu	5
原本	yuánběn	7
原材料	yuáncáiliào	7
原来	yuánlái	2
原汁原味	yuánzhīyuánwèi	7
原理	yuánlǐ	5
原装	yuánzhuāng	7
原谅	yuánliàng	6
厨师	chúshī	6
厨房	chúfáng	5
去	qù	1
去世	qùshì	3
去向	qùxiàng	7
去处	qùchù	7
去年	qùnián	1
去掉	qùdiào	6
去除	qùchú	7
县	xiàn	4
参与	cānyù	4
参军	cānjūn	7
参加	cānjiā	2
参展	cānzhǎn	6
参照	cānzhào	7
参考	cānkǎo	4
参见	cānjiàn	7
参观	cāngguān	2
参谋	cānmóu	7
参赛	cānsài	6
又	yòu	2
叉	chā	5
叉子	chāzi	5
及	jí	7
及其	jíqí	7
及早	jízǎo	7
及时	jíshí	3
及格	jígé	4
友人	yǒurén	7
友善	yǒushàn	7
友好	yǒuhǎo	2
友情	yóuqíng	7
友谊	yǒuyì	5
双	shuāng	3
双向	shuāngxiàng	7
双手	shuāng shǒu	5
双打	shuāngdǎ	6
双方	shuāngfāng	3
双胞胎	shuāngbāotāi	7
双赢	shuāngyíng	7
双边	shuāngbiān	7
双重	shuāngchóng	7
反	fǎn	4
反倒	fǎndào	7
反击	fǎnjī	7
反响	fǎnxiǎng	6
反复	fǎnfù	3
反对	fǎnduì	3
反差	fǎnchā	7
反常	fǎncháng	7
反应	fǎnyìng	3
反弹	fǎntán	7
反思	fǎnsī	7
反感	fǎngǎn	7
反抗	fǎnkàng	6
反映	fǎnyìng	4
反正	fǎnzhèng	3
反省	fǎnxǐng	7
反而	fǎn'ér	4
反过来	fǎnguòlái	7
反问	fǎnwèn	6
反面	fǎnmiàn	7
反馈	fǎnkuì	7
反驳	fǎnbó	7
发	fā	2
发作	fāzuò	7
发光	fāguāng	7
发出	fā chū	3
发动	fādòng	3
发型	fàxíng	7
发射	fāshè	5
发展	fāzhǎn	3
发布	fābù	5
发布会	fābùhuì	7
发怒	fānù	6
发愁	fāchóu	7
发愣	fālèng	7
发愤图强	fāfèntúqiáng	7
发扬	fāyáng	7
发扬光大	fāyángguāngdà	7
发抖	fādǒu	7
发挥	fāhuī	4
发掘	fājué	7
发放	fāfàng	6
发明	fāmíng	3
发泄	fāxiè	7
发源地	fāyuándì	7
发火	fāhuǒ	7
发炎	fāyán	6
发烧	fāshāo	4
发热	fārè	7
发现	fāxiàn	2
发生	fāshēng	3
发电	fādiàn	6
发电机	fādiànjī	7
发病	fābìng	6
发票	fāpiào	4
发育	fāyù	7
发脾气	fāpíqi	7
发行	fāxíng	5
发表	fābiǎo	3
发觉	fājué	5
发言	fāyán	3
发言人	fāyánrén	6
发誓	fāshì	7
发财	fācái	7
发起	fāqǐ	6
发起人	fāqǐrén	7
发达	fādá	3
发送	fā sòng	3
发酵	fājiào	7
叔叔	shūshu	4
取	qǔ	2
取代	qǔdài	7
取决于	qǔjuéyú	7
取得	qǔ dé	2
取暖	qǔnuǎn	7
取款	qǔkuǎn	6
取款机	qǔkuǎnjī	6
取消	qǔxiāo	3
取笑	qǔxiào	7
取经	qǔjīng	7
取缔	qǔdì	7
取而代之	qǔ'érdàizhī	7
取胜	qǔshèng	7
受	shòu	3
受不了	shòubuliǎo	4
受伤	shòushāng	3
受到	shòudào	2
受害	shòuhài	7
受害人	shòuhàirén	7
受惊	shòujīng	7
受灾	shòu zāi	5
受理	shòulǐ	7
受益	shòuyì	7
受苦	shòukǔ	7
受贿	shòuhuì	7
受过	shòuguò	7
受骗	shòupiàn	7
变	biàn	2
变为	biàn wéi	3
变动	biàn dòng	5
变化	biànhuà	3
变幻莫测	biànhuànmòcè	7
变异	biànyì	7
变成	biàn chéng	2
变质	biànzhì	7
变迁	biànqiān	7
变革	biàngé	7
叙述	xùshù	7
叛逆	pànnì	7
叠	dié	7
口	kǒu	1
口令	kǒulìng	7
口号	kǒu hào	5
口吃	kǒuchī	7
口味	kǒuwèi	7
口哨	kǒushào	7
口头	kǒutóu	7
口子	kǒuzi	7
口径	kǒujìng	7
口感	kǒugǎn	7
口才	kǒucái	7
口气	kǒuqì	7
口水	kǒushuǐ	7
口碑	kǒubēi	7
口罩	kǒuzhào	7
口腔	kǒuqiāng	7
口袋	kǒu dài	4
口试	kǒushì	6
口语	kǒu yǔ	4
口音	kǒuyīn	7
口香糖	kǒuxiāngtáng	7
古	gǔ	3
古人	gǔrén	7
古今中外	gǔjīnzhōngwài	7
古代	gǔdài	3
古典	gǔdiǎn	6
古怪	gǔguài	7
古朴	gǔpǔ	7
古老	gǔ lǎo	5
古董	gǔdǒng	7
古迹	gǔjì	7
句	jù	2
句子	jùzi	2
另	lìng	6
另一方面	lìng yì fāng miàn	3
另外	lìngwài	3
只	zhǐ	2
只不过	zhǐ bú guò	5
只好	zhǐhǎo	3
只得	zhǐdé	6
只是	zhǐ shì	3
只有	zhǐ yǒu	3
只管	zhǐguǎn	6
只能	zhǐ néng	2
只要	zhǐyào	2
只见	zhǐ jiàn	5
只顾	zhǐgù	6
叫	jiào	1
叫作	jiào zuò	2
叫好	jiàohǎo	7
叫板	jiàobǎn	7
召开	zhàokāi	4
召集	zhàojí	7
叮嘱	dīngzhǔ	7
可	kě	5
可乐	kě lè	3
可以	kěyǐ	2
可怕	kěpà	2
可怜	kělián	5
可惜	kěxī	5
可是	kěshì	2
可爱	kě'ài	2
可能	kěnéng	2
可见	kějiàn	4
可靠	kěkào	3
台	tái	3
台上	tái shàng	4
台灯	táidēng	6
台球	táiqiú	7
台阶	táijiē	4
台风	táifēng	5
史无前例	shǐwúqiánlì	7
右	yòu	1
右边	yòubian	1
叶子	yèzi	4
号	hào	1
号召	hàozhào	5
号码	hàomǎ	4
号称	hàochēng	7
司令	sīlìng	7
司机	sījī	2
司法	sīfǎ	7
司空见惯	sīkōngjiànguàn	7
司长	sīzhǎng	6
叹气	tànqì	6
吃	chī	1
吃不上	chībushàng	7
吃亏	chīkuī	7
吃力	chīlì	5
吃喝玩乐	chīhēwánlè	7
吃惊	chījīng	4
吃苦	chīkǔ	7
吃饭	chī fàn	1
各	gè	3
各个	gè gè	4
各位	gè wèi	3
各地	gè dì	3
各奔前程	gèbènqiánchéng	7
各式各样	gèshìgèyàng	7
各种	gè zhǒng	3
各自	gèzì	3
合	hé	3
合乎	héhū	7
合伙	héhuǒ	7
合作	hézuò	3
合作社	hézuòshè	7
合同	hétong	4
合唱	héchàng	7
合并	hébìng	5
合影	héyǐng	7
合情合理	héqínghélǐ	7
合成	héchéng	5
合格	hégé	3
合法	héfǎ	3
合理	hélǐ	3
合约	héyuē	6
合计	héjì	7
合资	hézī	7
合适	héshì	2
吉他	jítā	7
吉利	jílì	6
吉普	jípǔ	7
吉祥	jíxiáng	6
吉祥物	jíxiángwù	7
吊	diào	6
吊销	diàoxiāo	7
同	tóng	6
同一	tóngyī	6
同事	tóngshì	2
同人	tóngrén	7
同伙	tónghuǒ	7
同伴	tóngbàn	7
同学	tóngxué	1
同年	tóngnián	7
同志	tóngzhì	7
同情	tóngqíng	4
同意	tóngyì	3
同感	tónggǎn	7
同时	tóngshí	2
同期	tóngqī	6
同样	tóng yàng	2
同步	tóngbù	7
同盟	tóngméng	7
同等	tóngděng	7
同类	tónglèi	7
同胞	tóngbāo	6
同舟共济	tóngzhōugòngjì	7
同行	tóngháng	6
名	míng	2
名义	míngyì	6
名人	míng rén	4
名利	mínglì	7
名副其实	míngfùqíshí	7
名单	míng dān	2
名声	míngshēng	7
名字	míngzi	1
名气	míngqì	7
名片	míngpiàn	4
名牌儿	míng páir	4
名称	míng chēng	2
名胜	míngshèng	6
名著	míngzhù	7
名言	míngyán	7
名誉	míngyù	6
名贵	míngguì	7
名额	míng'é	6
后	hòu	1
后人	hòurén	7
后代	hòudài	7
后勤	hòuqín	7
后台	hòutái	7
后备	hòubèi	7
后备箱	hòubèixiāng	7
后天	hòu tiān	1
后头	hòu tou	4
后年	hòu nián	3
后悔	hòuhuǐ	5
后期	hòuqī	7
后来	hòulái	2
后果	hòuguǒ	3
后盾	hòudùn	7
后续	hòuxù	7
后者	hòuzhě	7
后裔	hòuyì	7
后边	hòu biān	1
后退	hòutuì	7
后遗症	hòuyízhèng	7
后面	hòumiàn	3
后顾之忧	hòugùzhīyōu	7
吐	tǔ	5
向	xiàng	2
向上	xiàng shàng	5
向前	xiàng qián	5
向导	xiàngdǎo	5
向往	xiàngwǎng	7
向来	xiànglái	7
向着	xiàngzhe	7
吓	xià	5
吓人	xiàrén	7
吓唬	xiàhu	7
吗	ma	1
君子	jūnzi	7
吞	tūn	6
否决	fǒujué	7
否则	fǒuzé	4
否定	fǒudìng	3
否认	fǒurèn	3
吧	ba	1
吨	dūn	5
吩咐	fēnfù	7
含	hán	4
含义	hányì	4
含有	hán yǒu	4
含糊	hánhu	7
含蓄	hánxù	7
含量	hán liàng	4
听	tīng	1
听从	tīngcóng	7
听众	tīng zhòng	3
听写	tīng xiě	1
听到	tīng dào	1
听力	tīng lì	3
听取	tīngqǔ	6
听见	tīng jiàn	1
听讲	tīng jiǎng	2
听话	tīnghuà	7
听说	tīng shuō	2
启事	qǐshì	5
启动	qǐ dòng	5
启发	qǐfā	5
启示	qǐshì	7
启蒙	qǐméng	7
启迪	qǐdí	7
吵	chǎo	3
吵嘴	chǎozuǐ	7
吵架	chǎojià	3
吸	xī	4
吸取	xīqǔ	7
吸引	xīyǐn	4
吸收	xīshōu	4
吸毒	xīdú	6
吸烟	xī yān	4
吸管	xī guǎn	4
吸纳	xīnà	7
吹	chuī	2
吹了	chuīle	7
吹捧	chuīpěng	7
吹牛	chuīniú	7
吻	wěn	7
吻合	wěnhé	7
吼	hǒu	7
呀	ya	4
呆	dāi	5
呈现	chéngxiàn	7
告	gào	7
告别	gàobié	3
告状	gàozhuàng	7
告知	gàozhī	7
告示	gàoshì	7
告诉	gàosu	1
告诫	gàojiè	7
告辞	gàocí	7
呐喊	nàhǎn	7
呕吐	ǒutù	7
员	yuán	3
员工	yuángōng	3
呛	qiāng	7
呜咽	wūyè	7
呢	ne	1
周	zhōu	2
周到	zhōudào	7
周围	zhōuwéi	3
周密	zhōumì	7
周年	zhōunián	2
周旋	zhōuxuán	7
周期	zhōuqī	5
周末	zhōumò	2
周边	zhōubiān	7
味儿	wèir	4
味精	wèijīng	7
味道	wèidào	2
呵护	hēhù	7
呼吁	hūyù	7
呼吸	hūxī	4
呼唤	hūhuàn	7
呼声	hūshēng	7
呼应	hūyìng	7
呼救	hūjiù	7
呼风唤雨	hūfēnghuànyǔ	7
命	mìng	6
命令	mìnglìng	5
命名	mìngmíng	7
命运	mìngyùn	3
命题	mìngtí	7
和	hé	1
和尚	héshang	7
和平	hépíng	3
和平共处	hépínggòngchǔ	7
和气	héqi	7
和睦	hémù	7
和蔼	hé'ǎi	7
和解	héjiě	7
和谐	héxié	6
咖啡	kāfēi	3
咧嘴	liězuǐ	7
咨询	zīxún	6
咬	yǎo	5
咱	zán	2
咱们	zánmen	2
咳	ké	5
咸	xián	4
咽	yàn	7
咽喉	yānhóu	7
哀求	āiqiú	7
品	pǐn	5
品位	pǐnwèi	7
品尝	pǐncháng	7
品德	pǐndé	7
品牌	pǐnpái	6
品种	pǐnzhǒng	5
品行	pǐnxíng	7
品质	pǐnzhì	4
哄	hǒng	7
哄堂大笑	hōngtángdàxiào	7
哆嗦	duōsuo	7
哇	wa	6
哈哈	hā hā	3
响	xiǎng	2
响亮	xiǎngliàng	7
响声	xiǎngshēng	6
响应	xiǎngyìng	7
响起	xiǎngqǐ	7
哎	āi	6
哎呀	āiyā	6
哑	yǎ	7
哗变	huábiàn	7
哗然	huárán	7
哥哥	gē ge	1
哦	ò	7
哪	nǎ	1
哪些	nǎ xiē	1
哪儿	nǎr	1
哪怕	nǎpà	4
哪知道	nǎzhīdào	7
哪里	nǎ lǐ	1
哭	kū	2
哭泣	kūqì	7
哭笑不得	kūxiàobùdé	7
哲学	zhéxué	6
哺育	bǔyù	7
哼	hēng	7
唉	ài	7
唠叨	láodao	7
唤起	huànqǐ	7
售价	shòujià	7
售票	shòupiào	7
售货员	shòuhuòyuán	4
唯	wéi	7
唯一	wéiyī	5
唯独	wéidú	7
唱	chàng	1
唱歌	chàng gē	1
唱片	chàng piàn	4
唾液	tuòyè	7
商业	shāngyè	3
商人	shāng rén	2
商务	shāngwù	4
商品	shāngpǐn	3
商场	shāng chǎng	1
商城	shāngchéng	6
商店	shāngdiàn	1
商标	shāngbiāo	5
商讨	shāngtǎo	7
商贩	shāngfàn	7
商贾	shānggǔ	7
商量	shāngliang	2
啊	a	2
啤酒	píjiǔ	3
啦	la	6
啦啦队	lālāduì	7
喂	wèi	2
喂养	wèiyǎng	7
善	shàn	7
善于	shànyú	4
善意	shànyì	7
善良	shànliáng	4
喇叭	lǎba	7
喉咙	hóulóng	7
喊	hǎn	2
喘	chuǎn	7
喘息	chuǎnxī	7
喜事	xǐshì	7
喜出望外	xǐchūwàngwài	7
喜剧	xǐ jù	5
喜好	xǐhào	7
喜庆	xǐqìng	7
喜怒哀乐	xǐnù'āilè	7
喜悦	xǐyuè	7
喜欢	xǐhuan	1
喜洋洋	xǐyángyáng	7
喜爱	xī ài	4
喜糖	xǐtáng	7
喜酒	xǐjiǔ	7
喝	hē	1
喝彩	hècǎi	7
喧哗	xuānhuá	7
喧闹	xuānnào	7
喷	pēn	5
喷泉	pēnquán	7
嗅觉	xiùjué	7
嗓子	sǎngzi	7
嗜好	shìhào	7
嘉宾	jiābīn	6
嘉年华	jiāniánhuá	7
嘛	ma	6
嘱咐	zhǔfù	7
嘲弄	cháonòng	7
嘲笑	cháoxiào	7
嘴	zuǐ	2
嘴巴	zuǐ ba	4
嘿	hēi	7
器官	qìguān	4
器材	qìcái	7
器械	qìxiè	7
噪声	zàoshēng	7
噪音	zàoyīn	7
嚷	rǎng	7
嚼	jiáo	7
囚犯	qiúfàn	7
四	sì	1
四合院	sìhéyuàn	7
四周	sì zhōu	5
四处	sìchù	6
四季	sìjì	7
四面八方	sìmiànbāfāng	7
回	huí	1
回信	huí xìn	5
回到	huí dào	1
回升	huíshēng	7
回去	huí qù	1
回味	huíwèi	7
回国	huí guó	2
回复	huí fù	4
回头	huí tóu	5
回家	huí jiā	1
回应	huíyìng	6
回归	huíguī	7
回忆	huíyì	5
回忆录	huíyìlù	7
回想	huíxiǎng	7
回扣	huíkòu	7
回报	huíbào	5
回收	huíshōu	5
回来	huí lái	1
回答	huídá	1
回落	huíluò	7
回避	huíbì	5
回顾	huígù	5
回馈	huíkuì	7
回首	huíshǒu	7
因	yīn	6
因为	yīn wèi	2
因人而异	yīnrén'éryì	7
因此	yīncǐ	3
因素	yīnsù	6
因而	yīn'ér	5
团	tuán	3
团伙	tuánhuǒ	7
团体	tuántǐ	3
团员	tuányuán	7
团圆	tuányuán	7
团结	tuánjié	3
团聚	tuánjù	7
团长	tuán zhǎng	5
团队	tuánduì	6
园	yuán	6
园地	yuándì	6
园林	yuánlín	5
困	kùn	3
困境	kùnjìng	7
困惑	kùnhuò	7
困扰	kùn rǎo	5
困难	kùnnán	3
围	wéi	3
围墙	wéiqiáng	7
围巾	wéijīn	4
围绕	wéirào	5
固定	gùdìng	4
固执	gùzhí	7
固然	gùrán	7
国	guó	1
国产	guóchǎn	6
国会	guóhuì	6
国内	guó nèi	3
国土	guótǔ	7
国外	guó wài	1
国学	guóxué	7
国宝	guóbǎo	7
国家	guójiā	1
国庆	guó qìng	3
国徽	guóhuī	7
国情	guóqíng	7
国旗	guóqí	6
国有	guóyǒu	7
国歌	guógē	6
国民	guó mín	5
国王	guówáng	6
国画	guóhuà	7
国籍	guójí	5
国防	guófáng	7
国际	guójì	2
图	tú	3
图书	túshū	6
图书馆	túshūguǎn	1
图像	túxiàng	7
图形	túxíng	7
图案	tú'àn	4
图片	tú piàn	2
图画	tú huà	3
图纸	túzhǐ	7
图表	túbiǎo	7
圆	yuán	4
圆形	yuánxíng	7
圆满	yuánmǎn	4
圆珠笔	yuánzhūbǐ	6
圈	quān	4
圈套	quāntào	7
圈子	quānzi	7
土	tǔ	3
土匪	tǔfěi	7
土地	tǔdì	4
土壤	tǔrǎng	7
土生土长	tǔshēngtǔzhǎng	7
土豆	tǔdòu	5
圣诞节	shèngdànjié	6
圣贤	shèngxián	7
在	zài	1
在乎	zàihu	4
在于	zàiyú	4
在内	zài nèi	5
在场	zài chǎng	5
在家	zài jiā	1
在意	zàiyì	7
在线	zàixiàn	7
在职	zàizhí	7
地	de	1
地上	dì shàng	1
地下	dì xià	4
地下室	dìxiàshì	6
地下水	dìxiàshuǐ	7
地位	dìwèi	4
地区	dìqū	3
地名	dìmíng	6
地图	dìtú	1
地址	dìzhǐ	4
地域	dìyù	7
地带	dì dài	5
地形	dì xíng	5
地方	dìfang	1
地板	dìbǎn	6
地步	dìbù	7
地段	dìduàn	7
地毯	dìtǎn	7
地点	dìdiǎn	1
地狱	dìyù	7
地球	dìqiú	2
地理	dìlǐ	7
地质	dìzhì	7
地道	dìdao	7
地铁	dìtiě	2
地铁站	dì tiě zhàn	2
地震	dìzhèn	5
地面	dì miàn	4
场	chǎng	2
场合	chǎnghé	3
场地	chǎngdì	6
场所	chǎngsuǒ	3
场景	chǎngjǐng	6
场面	chǎngmiàn	5
场馆	chǎngguǎn	6
均匀	jūnyún	7
均衡	jūnhéng	7
坏	huài	1
坏事	huàishì	7
坏人	huài rén	2
坏处	huài chù	2
坐	zuò	1
坐下	zuò xià	1
坑	kēng	7
块	kuài	1
坚信	jiānxìn	7
坚决	jiānjué	3
坚固	jiāngù	4
坚守	jiānshǒu	7
坚定	jiāndìng	5
坚实	jiānshí	7
坚强	jiānqiáng	3
坚持	jiānchí	3
坚持不懈	jiānchíbúxiè	7
坚硬	jiānyìng	7
坚韧	jiānrèn	7
坛	tán	7
坝	bà	7
坟	fén	7
坟墓	fénmù	7
坡	pō	6
坦克	tǎnkè	7
坦然	tǎnrán	7
坦率	tǎnshuài	7
坦白	tǎnbái	7
坦诚	tǎnchéng	7
垂	chuí	7
垂头丧气	chuítóusàngqì	7
垃圾	lā jī	4
垄断	lǒngduàn	7
型	xíng	4
型号	xíng hào	4
垫	diàn	7
垫子	diànzi	7
垫底	diàndǐ	7
垮	kuǎ	7
埋	mái	6
埋伏	máifú	7
埋怨	mányuàn	7
埋没	máimò	7
埋藏	máicáng	7
城	chéng	3
城乡	chéngxiāng	6
城区	chéngqū	6
城墙	chéngqiáng	7
城市	chéngshì	3
城里	chéng lǐ	5
城镇	chéngzhèn	6
培养	péiyǎng	4
培育	péiyù	4
培训	péixùn	4
培训班	péi xùn bān	4
基于	jīyú	7
基准	jīzhǔn	7
基因	jīyīn	7
基地	jīdì	5
基层	jīcéng	7
基本	jīběn	3
基本上	jī běn shàng	3
基本功	jīběngōng	7
基督教	jīdūjiào	6
基础	jīchǔ	3
基金	jījīn	5
堂	táng	7
堆	duī	5
堆砌	duīqì	7
堕落	duòluò	7
堡垒	bǎolěi	7
堤	dī	7
堤坝	dībà	7
堪称	kānchēng	7
堵	dǔ	4
堵塞	dǔsè	7
堵车	dǔchē	4
塌	tā	7
塑料	sù liào	4
塑料袋	sùliàodài	4
塑造	sùzào	7
塔	tǎ	6
塞	sāi	6
填	tián	4
填充	tiánchōng	7
填写	tiánxiě	7
填空	tiánkòng	4
填补	tiánbǔ	7
境内	jìngnèi	7
境地	jìngdì	7
境外	jìngwài	7
境界	jìngjiè	7
境遇	jìngyù	7
墓	mù	6
墓地	mùdì	7
墓碑	mùbēi	7
墙	qiáng	2
墙壁	qiáng bì	5
增	zēng	5
增产	zēng chǎn	5
增值	zēngzhí	6
增加	zēngjiā	3
增多	zēng duō	5
增大	zēng dà	5
增强	zēng qiáng	5
增收	zēngshōu	7
增添	zēngtiān	7
增进	zēngjìn	6
增长	zēng zhǎng	3
墨	mò	7
墨水	mòshuǐ	6
壁画	bìhuà	7
士兵	shìbīng	4
士气	shìqì	7
壮观	zhuàngguān	6
声	shēng	5
声明	shēngmíng	3
声望	shēngwàng	7
声称	shēngchēng	7
声誉	shēngyù	7
声音	shēngyīn	2
壶	hú	6
处	chù	4
处于	chǔ yú	4
处分	chǔfèn	5
处在	chǔ zài	5
处境	chǔjìng	7
处处	chùchù	6
处方	chǔfāng	7
处理	chǔlǐ	3
处罚	chǔfá	5
处置	chǔzhì	7
处长	chùzhǎng	6
备受	bèishòu	7
备用	bèiyòng	7
备课	bèikè	7
复习	fùxí	2
复兴	fùxīng	7
复制	fùzhì	4
复印	fùyìn	3
复原	fùyuán	7
复发	fùfā	7
复合	fùhé	7
复杂	fùzá	3
复查	fùchá	7
复活	fùhuó	7
复苏	fùsū	6
夏令营	xiàlìngyíng	7
夏天	xià tiān	2
夏季	xià jì	4
外	wài	1
外交	wàijiāo	3
外交官	wài jiāo guān	4
外企	wàiqǐ	7
外公	wàigōng	7
外出	wàichū	6
外卖	wài mài	2
外号	wàihào	7
外国	wài guó	1
外地	wài dì	2
外头	wàitou	6
外套	wài tào	4
外婆	wàipó	7
外币	wàibì	6
外形	wàixíng	7
外援	wàiyuán	7
外文	wài wén	3
外星人	wàixīngrén	7
外来	wàilái	6
外汇	wài huì	4
外界	wàijiè	5
外科	wàikē	6
外籍	wàijí	7
外行	wàiháng	7
外衣	wàiyī	6
外表	wàibiǎo	7
外观	wàiguān	6
外语	wài yǔ	1
外貌	wàimào	7
外贸	wàimào	7
外资	wàizī	6
外边	wài biān	1
外部	wàibù	6
外面	wài miàn	3
多	duō	1
多久	duō jiǔ	2
多么	duōme	2
多亏	duōkuī	7
多云	duō yún	2
多余	duōyú	7
多元	duōyuán	7
多功能	duōgōngnéng	7
多劳多得	duōláoduōdé	7
多半	duōbàn	6
多媒体	duōméitǐ	6
多少	duōshao	1
多年	duō nián	4
多年来	duōniánlái	7
多心	duōxīn	7
多数	duō shù	2
多方面	duōfāngmiàn	6
多样	duō yàng	4
多次	duō cì	4
多种	duō zhǒng	4
多边	duōbiān	7
夜	yè	2
夜以继日	yèyǐjìrì	7
夜市	yèshì	7
夜总会	yèzǒnghuì	7
夜晚	yèwǎn	7
夜校	yèxiào	7
夜班	yèbān	7
夜里	yè lǐ	2
夜间	yè jiān	5
够	gòu	2
够呛	gòuqiàng	7
大	dà	1
大事	dà shì	5
大于	dà yú	5
大人	dà rén	2
大众	dà zhòng	4
大伙儿	dàhuǒr	5
大会	dà huì	4
大体	dàtǐ	7
大体上	dàtǐshàng	7
大使	dàshǐ	6
大使馆	dàshǐguǎn	3
大公无私	dàgōngwúsī	7
大力	dàlì	6
大包大揽	dàbāodàlǎn	7
大厅	dà tīng	5
大厦	dàshà	7
大吃一惊	dàchīyìjīng	7
大同小异	dàtóngxiǎoyì	7
大名鼎鼎	dàmíngdǐngdǐng	7
大哥	dà gē	4
大地	dàdì	7
大型	dàxíng	4
大声	dà shēng	2
大多	dà duō	4
大多数	dà duō shù	2
大大	dà dà	2
大大咧咧	dàdaliēliē	7
大夫	dàifu	3
大奖赛	dà jiǎng sài	5
大妈	dà mā	4
大姐	dà jiě	4
大学	dà xué	1
大学生	dà xué shēng	1
大宗	dàzōng	7
大家	dàjiā	2
大家庭	dàjiātíng	7
大小	dà xiǎo	2
大局	dàjú	7
大巴	dà bā	4
大师	dàshī	6
大幅度	dàfúdù	7
大惊小怪	dàjīngxiǎoguài	7
大意	dàyì	7
大批	dàpī	6
大数据	dàshùjù	7
大方	dàfang	4
大有可为	dàyǒukěwéi	7
大棚	dàpéng	7
大楼	dà lóu	4
大概	dàgài	3
大模大样	dàmúdàyàng	7
大款	dàkuǎn	7
大气	dàqì	7
大海	dà hǎi	2
大熊猫	dà xióng māo	5
大爷	dà ye	4
大片	dàpiàn	7
大笔	dàbǐ	7
大米	dàmǐ	6
大约	dàyuē	3
大纲	dà gāng	5
大肆	dàsì	7
大胆	dà dǎn	5
大脑	dà nǎo	5
大腕儿	dàwànr	7
大臣	dàchén	7
大自然	dà zì rán	2
大致	dàzhì	5
大街	dàjiē	6
大街小巷	dàjiēxiǎoxiàng	7
大衣	dà yī	2
大规模	dà guī mó	4
大象	dàxiàng	5
大赛	dàsài	6
大选	dàxuǎn	7
大道	dàdào	6
大部分	dà bù fèn	2
大都	dà dōu	5
大量	dà liàng	2
大门	dà mén	2
大队	dàduì	7
大陆	dà lù	4
大雁	dàyàn	7
大面积	dàmiànjī	7
天	tiān	1
天上	tiān shàng	2
天下	tiānxià	6
天主教	Tiānzhǔjiào	7
天使	tiānshǐ	7
天分	tiānfèn	7
天地	tiāndì	7
天堂	tiāntáng	6
天平	tiānpíng	7
天性	tiānxìng	7
天才	tiāncái	5
天文	tiānwén	5
天桥	tiānqiáo	7
天气	tiānqì	1
天然	tiānrán	6
天然气	tiānránqì	5
天生	tiānshēng	7
天真	tiānzhēn	4
天空	tiānkōng	3
天线	tiānxiàn	7
天经地义	tiānjīngdìyì	7
天赋	tiānfù	7
天长地久	tiānchángdìjiǔ	7
天鹅	tiān'é	7
太	tài	1
太太	tàitai	2
太平	tàipíng	7
太极	tàijí	7
太极拳	tàijíquán	7
太空	tàikōng	5
太阳	tàiyáng	2
太阳能	tàiyángnéng	6
夫人	fūrén	4
夫妇	fūfù	4
夫妻	fū qī	4
失业	shīyè	4
失业率	shīyèlǜ	7
失传	shīchuán	7
失利	shīlì	7
失去	shīqù	3
失恋	shīliàn	7
失控	shīkòng	7
失效	shīxiào	7
失明	shīmíng	7
失望	shīwàng	4
失灵	shīlíng	7
失眠	shīmián	7
失落	shīluò	7
失误	shīwù	5
失败	shībài	4
失踪	shīzōng	7
头	tóu	2
头发	tóufa	2
头号	tóuhào	7
头头是道	tóutóushìdào	7
头晕	tóuyūn	7
头条	tóutiáo	7
头疼	tóuténg	6
头脑	tóu nǎo	3
头衔	tóuxián	7
头部	tóubù	7
头顶	tóudǐng	7
夸	kuā	7
夸大	kuādà	7
夸夸其谈	kuākuāqítán	7
夸奖	kuājiǎng	7
夸张	kuāzhāng	7
夸耀	kuāyào	7
夹	jiā	5
夺	duó	6
夺冠	duóguàn	7
夺取	duóqǔ	6
夺魁	duókuí	7
奇妙	qímiào	6
奇怪	qíguài	3
奇特	qítè	7
奇花异草	qíhuāyìcǎo	7
奇迹	qíjì	7
奉献	fèngxiàn	6
奋力	fènlì	7
奋勇	fènyǒng	7
奋斗	fèndòu	4
奏	zòu	6
契机	qìjī	7
契约	qìyuē	7
奔	bèn	7
奔波	bēnbō	7
奔赴	bēnfù	7
奖	jiǎng	4
奖励	jiǎnglì	5
奖品	jiǎngpǐn	7
奖学金	jiǎng xué jīn	4
奖杯	jiǎngbēi	7
奖牌	jiǎngpái	7
奖金	jiǎngjīn	4
奖项	jiǎngxiàng	7
套	tào	2
套餐	tào cān	4
奠定	diàndìng	7
奢侈	shēchǐ	7
奢望	shēwàng	7
奥秘	àomì	6
奥运会	Àoyùnhuì	7
女	nǚ	1
女人	nǚ ren	1
女儿	nǚ'ér	1
女士	nǚshì	4
女婿	nǚxu	7
女子	nǚ zǐ	3
女孩儿	nǚ háir	1
女性	nǚ xìng	5
女朋友	nǚ péng yǒu	1
女生	nǚ shēng	1
奴隶	núlì	7
奶	nǎi	1
奶奶	nǎinai	1
奶牛	nǎiniú	6
奶粉	nǎifěn	6
奶茶	nǎi chá	3
奸诈	jiānzhà	7
她	tā	1
她们	tā men	1
好	hǎo	1
好久	hǎo jiǔ	2
好事	hǎo shì	2
好人	hǎo rén	2
好似	hǎosì	6
好像	hǎoxiàng	2
好友	hǎo yǒu	4
好吃	hǎochī	1
好听	hǎo tīng	1
好在	hǎozài	7
好坏	hǎohuài	7
好处	hǎochu	2
好多	hǎo duō	2
好奇	hàoqí	3
好奇心	hàoqíxīn	7
好好	hǎo hǎo	3
好学	hàoxué	6
好客	hàokè	7
好家伙	hǎojiāhuo	7
好容易	hǎoróngyì	6
好心	hǎoxīn	7
好心人	hǎoxīnrén	7
好意	hǎoyì	7
好感	hǎogǎn	7
好歹	hǎodǎi	7
好比	hǎobǐ	7
好玩儿	hǎo wánr	1
好看	hǎo kàn	1
好笑	hǎoxiào	7
好评	hǎopíng	7
好说	hǎoshuō	7
好转	hǎozhuǎn	6
好运	hǎo yùn	5
如	rú	6
如一	rúyī	6
如下	rú xià	5
如今	rújīn	4
如何	rúhé	3
如同	rú tóng	5
如实	rúshí	7
如意	rúyì	7
如愿以偿	rúyuànyǐcháng	7
如果	rúguǒ	2
如果说	rúguǒshuō	7
如此	rú cǐ	5
如痴如醉	rúchīrúzuì	7
妄想	wàngxiǎng	7
妇女	fùnǚ	6
妈妈	mā ma	1
妒忌	dùjì	7
妖怪	yāoguài	7
妙	miào	6
妥	tuǒ	7
妥协	tuǒxié	7
妥善	tuǒshàn	7
妥当	tuǒdàng	7
妨害	fánghài	7
妨碍	fáng'ài	7
妹妹	mèi mei	1
妻子	qīzi	4
始终	shǐzhōng	3
姐妹	jiě mèi	4
姐姐	jiě jie	1
姑姑	gūgu	6
姑娘	gūniang	3
姓	xìng	2
姓名	xìng míng	2
姓氏	xìngshì	7
委员	wěiyuán	7
委员会	wěiyuánhuì	7
委婉	wěiwǎn	7
委屈	wěiqu	7
委托	wěituō	5
姜	jiāng	7
姥姥	lǎolao	7
姥爷	lǎoye	7
姨	yí	7
威信	wēixìn	7
威力	wēilì	7
威慑	wēishè	7
威胁	wēixié	6
威风	wēifēng	7
娃娃	wáwa	6
娇惯	jiāoguàn	7
娇气	jiāoqì	7
娘	niáng	7
娱乐	yúlè	6
娶	qǔ	7
婚姻	hūnyīn	7
婚礼	hūnlǐ	4
婚纱	hūnshā	7
婴儿	yīng'ér	7
媒体	méitǐ	3
媲美	pìměi	7
媳妇	xífù	7
嫁	jià	7
嫁妆	jiàzhuang	7
嫂子	sǎozi	7
嫉妒	jídù	7
嫌	xián	6
嫌弃	xiánqì	7
嫌疑	xiányí	7
嫦娥	Cháng'é	7
嫩	nèn	7
嬉笑	xīxiào	7
子	zi	1
子女	zǐ nǚ	3
子弹	zǐdàn	5
孕妇	yùnfù	7
孕育	yùnyù	7
字	zì	1
字典	zì diǎn	2
字母	zìmǔ	4
存	cún	3
存在	cúnzài	3
存心	cúnxīn	7
存折	cúnzhé	7
存放	cúnfàng	7
存款	cún kuǎn	5
孙女	sūn nǚ	4
孙子	sūnzi	4
孝敬	xiàojìng	7
孝顺	xiàoshùn	7
季	jì	4
季度	jìdù	4
季节	jìjié	4
孤儿	gū'ér	6
孤单	gūdān	7
孤独	gūdú	6
孤立	gūlì	7
孤陋寡闻	gūlòuguǎwén	7
孤零零	gūlínglíng	7
学	xué	1
学业	xuéyè	7
学习	xuéxí	1
学会	xuéhuì	6
学位	xuéwèi	5
学分	xué fēn	4
学历	xuélì	7
学员	xuéyuán	6
学堂	xuétáng	7
学士	xuéshì	7
学子	xuézǐ	7
学年	xué nián	4
学时	xué shí	4
学期	xuéqī	2
学术	xuéshù	4
学校	xuéxiào	1
学生	xuésheng	1
学科	xué kē	5
学者	xué zhě	5
学艺	xuéyì	7
学说	xuéshuō	7
学费	xué fèi	3
学问	xuéwen	4
学院	xué yuàn	1
孩子	háizi	1
孪生	luánshēng	7
孵化	fūhuà	7
宁可	nìngkě	7
宁愿	nìngyuàn	7
宁静	níng jìng	4
它	tā	2
它们	tā men	2
宇宙	yǔzhòu	7
宇航员	yǔhángyuán	6
守	shǒu	4
守候	shǒuhòu	7
守护	shǒuhù	7
守株待兔	shǒuzhūdàitù	7
安	ān	4
安全	ānquán	2
安宁	ānníng	6
安定	āndìng	7
安心	ānxīn	7
安慰	ānwèi	4
安抚	ānfǔ	7
安排	ānpái	3
安眠药	ānmiányào	7
安稳	ānwěn	7
安置	ānzhì	4
安装	ānzhuāng	3
安详	ānxiáng	6
安逸	ānyì	7
安静	ānjìng	2
完	wán	2
完了	wán le	5
完全	wánquán	2
完善	wánshàn	3
完备	wánbèi	7
完好	wánhǎo	7
完成	wánchéng	2
完整	wánzhěng	3
完毕	wánbì	7
完美	wánměi	3
完蛋	wándàn	7
宏伟	hóngwěi	7
宏大	hóngdà	6
宏观	hóngguān	7
宗教	zōngjiào	6
官	guān	4
官僚	guānliáo	7
官僚主义	guānliáozhǔyì	7
官兵	guānbīng	7
官司	guānsi	6
官吏	guānlì	7
官员	guānyuán	7
官方	guānfāng	4
定	dìng	4
定为	dìngwéi	7
定义	dìngyì	7
定价	dìngjià	6
定位	dìngwèi	6
定做	dìngzuò	7
定向	dìngxiàng	7
定居	dìngjū	7
定心丸	dìngxīnwán	7
定时	dìngshí	6
定期	dìngqī	3
定论	dìnglùn	7
定金	dìngjīn	7
宝	bǎo	4
宝宝	bǎo bao	4
宝库	bǎokù	7
宝石	bǎo shí	4
宝藏	bǎozàng	7
宝贝	bǎobèi	4
宝贵	bǎoguì	4
实习	shíxí	2
实事求是	shíshìqiúshì	7
实体	shítǐ	7
实况	shíkuàng	7
实力	shílì	3
实在	shízài	2
实地	shídì	7
实惠	shíhuì	5
实施	shíshī	4
实物	shíwù	7
实现	shíxiàn	2
实用	shíyòng	4
实行	shíxíng	3
实话	shíhuà	7
实话实说	shíhuàshíshuō	7
实质	shízhì	7
实践	shíjiàn	6
实际	shíjì	2
实际上	shí jì shàng	3
实验	shíyàn	3
实验室	shí yàn shì	3
宠	chǒng	7
宠爱	chǒng'ài	7
宠物	chǒngwù	6
审	shěn	7
审判	shěnpàn	7
审定	shěndìng	7
审批	shěnpī	7
审查	shěnchá	6
审核	shěnhé	7
审美	shěnměi	7
审视	shěnshì	7
客人	kèrén	2
客厅	kètīng	5
客户	kèhù	5
客气	kè qì	5
客观	kèguān	3
客车	kèchē	6
宣传	xuānchuán	3
宣告	xuāngào	7
宣布	xuānbù	3
宣扬	xuānyáng	7
宣泄	xuānxiè	7
宣称	xuānchēng	7
宣言	xuānyán	7
宣誓	xuānshì	7
宣读	xuāndú	7
室	shì	3
宪法	xiànfǎ	7
宫	gōng	6
宫廷	gōngtíng	7
宫殿	gōngdiàn	7
宰	zǎi	7
害	hài	5
害怕	hàipà	3
害羞	hàixiū	7
害臊	hàisào	7
害虫	hàichóng	7
宴会	yànhuì	6
家	jiā	1
家乡	jiāxiāng	3
家人	jiā rén	1
家伙	jiāhuo	7
家具	jiājù	3
家务	jiāwù	4
家喻户晓	jiāyùhùxiǎo	7
家园	jiāyuán	6
家境	jiājìng	7
家家户户	jiājiāhùhù	7
家属	jiāshǔ	3
家庭	jiātíng	2
家政	jiāzhèng	7
家教	jiājiào	7
家族	jiāzú	7
家用	jiāyòng	7
家电	jiādiàn	6
家禽	jiāqín	7
家里	jiā lǐ	1
家长	jiā zhǎng	2
容光焕发	róngguānghuànfā	7
容忍	róngrěn	7
容易	róngyì	3
容纳	róngnà	7
容许	róngxǔ	7
容量	róngliàng	7
容颜	róngyán	7
宽	kuān	4
宽厚	kuānhòu	7
宽容	kuānróng	7
宽广	kuān guǎng	4
宽度	kuān dù	5
宽恕	kuānshù	7
宽敞	kuānchǎng	7
宽松	kuānsōng	7
宽泛	kuānfàn	7
宽阔	kuānkuò	6
宾馆	bīnguǎn	5
宿舍	sùshè	5
寂寞	jìmò	7
寂静	jìjìng	7
寄	jì	4
寄托	jìtuō	7
密	mì	4
密不可分	mìbùkěfēn	7
密切	mìqiè	4
密封	mìfēng	7
密度	mìdù	7
密码	mìmǎ	4
密集	mìjí	7
富	fù	3
富人	fùrén	6
富含	fùhán	7
富强	fùqiáng	7
富有	fùyǒu	6
富翁	fùwēng	7
富裕	fùyù	7
富豪	fùháo	7
富足	fùzú	7
寒假	hánjià	4
寒冷	hán lěng	4
寓意	yùyì	7
寓言	yùyán	7
寝室	qǐnshì	7
察看	chákàn	7
察觉	chájué	7
寡妇	guǎfu	7
寥寥无几	liáoliáowújǐ	7
寸	cùn	5
对	duì	1
对不起	duìbuqi	1
对于	duìyú	4
对付	duìfu	4
对准	duìzhǔn	7
对外	duìwài	6
对峙	duìzhì	7
对应	duìyìng	5
对弈	duìyì	7
对待	duìdài	3
对得起	duìdeqǐ	7
对手	duìshǒu	3
对抗	duìkàng	6
对方	duìfāng	3
对比	duìbǐ	4
对照	duìzhào	7
对白	duìbái	7
对称	duìchèn	7
对立	duìlì	5
对策	duìcè	7
对联	duìlián	7
对话	duìhuà	2
对象	duìxiàng	3
对面	duìmiàn	2
寺	sì	6
寺庙	sìmiào	7
寻	xún	7
寻常	xúncháng	7
寻找	xúnzhǎo	4
寻求	xún qiú	5
寻觅	xúnmì	7
导向	dǎoxiàng	7
导师	dǎoshī	7
导弹	dǎodàn	7
导游	dǎoyóu	4
导演	dǎoyǎn	3
导火索	dǎohuǒsuǒ	7
导致	dǎozhì	4
导航	dǎoháng	7
寿司	shòu sī	5
寿命	shòumìng	7
封	fēng	2
封建	fēngjiàn	7
封锁	fēngsuǒ	7
封闭	fēngbì	4
封面	fēngmiàn	7
封顶	fēngdǐng	7
射	shè	5
射击	shèjī	5
将	jiāng	5
将军	jiāngjūn	6
将来	jiānglái	3
将要	jiāng yào	5
将近	jiāngjìn	3
尊敬	zūnjìng	5
尊重	zūnzhòng	5
小	xiǎo	1
小丑	xiǎochǒu	7
小于	xiǎoyú	6
小人	xiǎorén	7
小伙子	xiǎohuǒzi	4
小偷儿	xiǎo tōur	5
小区	xiǎoqū	7
小卒	xiǎozú	7
小吃	xiǎochī	4
小品	xiǎopǐn	7
小型	xiǎo xíng	4
小声	xiǎo shēng	2
小姐	xiǎojiě	1
小学	xiǎo xué	1
小学生	xiǎo xué shēng	1
小孩儿	xiǎo háir	1
小康	xiǎokāng	7
小心	xiǎoxīn	2
小心翼翼	xiǎoxīnyìyì	7
小提琴	xiǎotíqín	7
小时	xiǎoshí	1
小时候	xiǎo shí hou	2
小曲	xiǎoqǔ	7
小朋友	xiǎo péng yǒu	1
小气	xiǎoqì	7
小溪	xiǎoxī	7
小看	xiǎokàn	7
小组	xiǎo zǔ	2
小说	xiǎoshuō	2
小贩	xiǎofàn	7
小费	xiǎofèi	6
小路	xiǎolù	7
小麦	xiǎomài	6
少	shǎo	1
少不了	shǎobuliǎo	7
少儿	shào'ér	6
少女	shàonǚ	7
少年	shào nián	2
少数	shǎo shù	2
少有	shǎoyǒu	7
少林寺	Shàolínsì	7
少见	shǎojiàn	7
少量	shǎoliàng	7
尖	jiān	6
尖端	jiānduān	7
尖锐	jiānruì	7
尚	shàng	7
尚未	shàngwèi	7
尝	cháng	5
尝试	chángshì	5
尤为	yóuwéi	7
尤其	yóuqí	5
就	jiù	1
就业	jiùyè	3
就任	jiùrèn	7
就医	jiùyī	7
就地	jiùdì	7
就座	jiùzuò	7
就是	jiù shì	3
就是说	jiùshìshuō	6
就算	jiùsuàn	6
就职	jiùzhí	7
就要	jiù yào	2
就诊	jiùzhěn	7
就读	jiùdú	7
就近	jiùjìn	7
就餐	jiùcān	7
尴尬	gāngà	7
尸体	shītǐ	7
尺	chǐ	4
尺子	chǐzi	4
尺寸	chǐ cùn	4
尺度	chídù	7
尼龙	nílóng	7
尽	jìn	6
尽力	jìnlì	4
尽可能	jǐn kě néng	5
尽头	jìntóu	7
尽快	jǐnkuài	4
尽情	jìnqíng	7
尽早	jǐnzǎo	7
尽管	jǐnguǎn	5
尽量	jǐnliàng	3
尾声	wěishēng	7
尾巴	wěiba	4
尾气	wěiqì	7
尿	niào	7
局	jú	4
局势	júshì	7
局部	júbù	7
局长	jú zhǎng	5
局限	júxiàn	7
局面	júmiàn	5
层	céng	2
层出不穷	céngchūbùqióng	7
层次	céngcì	5
层面	céngmiàn	6
居住	jūzhù	4
居民	jūmín	4
居民楼	jūmínlóu	7
居然	jūrán	5
居高临下	jūgāolínxià	7
屈服	qūfú	7
届	jiè	5
届时	jièshí	7
屋	wū	5
屋子	wūzi	3
屋顶	wūdǐng	7
屏幕	píngmù	6
展出	zhǎnchū	7
展开	zhǎnkāi	3
展望	zhǎnwàng	7
展现	zhǎnxiàn	5
展示	zhǎnshì	5
展览	zhǎnlǎn	5
展览会	zhǎnlǎnhuì	7
属	shǔ	3
属于	shǔyú	3
属性	shǔxìng	7
屠杀	túshā	7
屡	lǚ	7
屡次	lǚcì	7
履行	lǚxíng	7
屯	tún	7
山	shān	1
山冈	shāngāng	7
山区	shān qū	5
山坡	shānpō	6
山寨	shānzhài	7
山岭	shānlǐng	7
山峰	shānfēng	6
山川	shānchuān	7
山谷	shāngǔ	6
山路	shānlù	7
山顶	shāndǐng	7
屹立	yìlì	7
岁	suì	1
岁数	suìshu	6
岁月	suìyuè	5
岂有此理	qǐyǒucǐlǐ	7
岗位	gǎngwèi	6
岛	dǎo	6
岛屿	dǎoyǔ	7
岩石	yánshí	7
岳母	yuèmǔ	7
岳父	yuèfù	7
岸	àn	4
岸上	àn shàng	5
峡谷	xiágǔ	7
峰会	fēnghuì	6
峰回路转	fēnghuílùzhuǎn	7
崇尚	chóngshàng	7
崇拜	chóngbài	6
崇高	chónggāo	7
崛起	juéqǐ	7
崩溃	bēngkuì	7
崭新	zhǎnxīn	7
巅峰	diānfēng	7
川流不息	chuānliúbùxī	7
巡逻	xúnluó	7
工业	gōngyè	3
工人	gōngrén	1
工会	gōnghuì	7
工作	gōngzuò	1
工作日	gōng zuò rì	5
工作量	gōngzuòliàng	7
工具	gōngjù	3
工厂	gōngchǎng	3
工商	gōngshāng	6
工商界	gōngshāngjiè	7
工地	gōngdì	7
工夫	gōng fu	3
工序	gōngxù	7
工整	gōngzhěng	7
工科	gōngkē	7
工程	gōng chéng	4
工程师	gōngchéngshī	3
工艺	gōng yì	5
工资	gōngzī	3
左	zuǒ	1
左右	zuǒyòu	3
左边	zuobian	1
巧	qiǎo	3
巧克力	qiǎokèlì	4
巧合	qiǎohé	7
巧妙	qiǎomiào	6
巨人	jùrén	7
巨型	jùxíng	7
巨大	jùdà	4
巨头	jùtóu	7
巨星	jùxīng	7
巨额	jù'é	7
巩固	gǒnggù	6
巫婆	wūpó	7
差	chà	1
差不多	chàbuduō	2
差别	chābié	5
差异	chāyì	6
差点儿	chàdiǎnr	5
差距	chājù	5
差错	chācuò	7
差额	chā'é	7
已	yǐ	3
已经	yǐjīng	2
巴不得	bābude	6
巴士	bā shì	4
巴结	bājie	6
市	shì	2
市区	shì qū	4
市场	shìchǎng	3
市场经济	shìchǎngjīngjì	7
市民	shìmín	6
市长	shì zhǎng	2
布	bù	3
布局	bùjú	7
布满	bùmǎn	6
布置	bùzhì	4
帅	shuài	4
帅哥	shuài gē	4
帆	fān	7
帆船	fānchuán	7
师傅	shīfu	5
师父	shīfu	6
师生	shīshēng	6
师范	shīfàn	7
师资	shīzī	7
师长	shīzhǎng	7
希望	xīwàng	3
帐子	zhàngzi	7
帐篷	zhàngpeng	7
帖子	tiězi	7
帘子	liánzi	7
帝国	dìguó	7
帝国主义	dìguózhǔyì	7
带	dài	2
带动	dài dòng	3
带头	dàitóu	7
带头人	dàitóurén	7
带有	dài yǒu	5
带来	dài lái	2
带路	dàilù	7
带队	dàiduì	7
带领	dàilǐng	3
席	xí	7
席位	xíwèi	7
帮	bāng	1
帮助	bāngzhù	2
帮忙	bāng máng	1
帮手	bāngshǒu	7
常	cháng	1
常人	chángrén	7
常常	cháng cháng	1
常年	chángnián	6
常态	chángtài	7
常温	chángwēn	7
常理	chánglǐ	7
常用	cháng yòng	2
常见	cháng jiàn	2
常规	chángguī	6
常识	chángshí	4
帽子	màozi	4
幅	fú	5
幅度	fúdù	5
幕	mù	7
幕后	mùhòu	7
干	gān	1
干事	gànshi	7
干什么	gàn shén me	1
干净	gānjìng	1
干吗	gàn má	3
干戈	gāngē	7
干扰	gānrǎo	5
干旱	gānhàn	7
干杯	gānbēi	2
干活儿	gànhuór	2
干涉	gānshè	6
干燥	gānzào	7
干脆	gāncuì	5
干部	gànbù	7
干预	gānyù	5
平	píng	2
平价	píngjià	7
平凡	píngfán	6
平原	píngyuán	5
平台	píngtái	6
平和	pínghé	7
平均	píngjūn	4
平坦	píngtǎn	5
平安	píng'an	2
平常	píngcháng	2
平常心	píngchángxīn	7
平息	píngxī	7
平方	píngfāng	4
平方米	píngfāngmǐ	6
平日	píngrì	7
平时	píngshí	2
平民	píngmín	7
平淡	píngdàn	7
平稳	píng wěn	4
平等	píngděng	2
平衡	pínghéng	6
平静	píngjìng	4
平面	píngmiàn	7
年	nián	1
年代	niándài	3
年初	nián chū	3
年前	nián qián	5
年夜饭	niányèfàn	7
年底	nián dǐ	3
年度	niándù	5
年画	niánhuà	7
年级	niánjí	2
年纪	Age	3
年终	niánzhōng	7
年薪	niánxīn	7
年轻	niánqīng	2
年迈	niánmài	7
年限	niánxiàn	7
年龄	niánlíng	5
并	bìng	3
并且	bìngqiě	3
并列	bìngliè	7
并行	bìngxíng	7
并购	bìnggòu	7
并非	bìngfēi	7
幸亏	xìngkuī	7
幸免	xìngmiǎn	7
幸好	xìnghǎo	7
幸存	xìngcún	7
幸福	xìngfú	3
幸运	xìngyùn	3
幻影	huànyǐng	7
幻想	huànxiǎng	6
幻觉	huànjué	7
幼儿园	yòu'éryuán	4
幼稚	yòuzhì	7
幽默	yōumò	5
广	guǎng	5
广义	guǎngyì	7
广告	guǎnggào	2
广场	guǎngchǎng	2
广大	guǎngdà	3
广播	guǎngbō	3
广泛	guǎngfàn	5
广阔	guǎngkuò	6
庆典	qìngdiǎn	7
庆幸	qìngxìng	7
庆祝	qìngzhù	3
庆贺	qìnghè	7
床	chuáng	1
床位	chuángwèi	7
序	xù	7
序幕	xùmù	7
库	kù	5
应	yīng	4
应付	yìngfu	7
应对	yìngduì	6
应当	yīng dāng	3
应急	yìngjí	6
应有尽有	yīngyǒujìnyǒu	7
应用	yìngyòng	3
应聘	yìngpìn	7
应该	yīnggāi	2
应邀	yìngyāo	7
应酬	yìngchou	7
底	dǐ	4
底下	dǐ xià	3
底子	dǐzi	7
底层	dǐcéng	7
底线	dǐxiàn	7
底蕴	dǐyùn	7
店	diàn	2
庙	miào	7
庙会	miàohuì	7
庞大	pángdà	7
废	fèi	7
废品	fèipǐn	7
废墟	fèixū	7
废寝忘食	fèiqǐnwàngshí	7
废物	fèiwù	7
废话	fèihuà	7
废除	fèichú	7
度	dù	2
度假	dùjià	7
度过	dùguò	4
座	zuò	2
座位	zuòwèi	2
座谈会	zuòtánhuì	6
康复	kāngfù	6
庸俗	yōngsú	7
廉价	liánjià	7
廉政	liánzhèng	7
廉正	liánzhèng	7
廉洁	liánjié	7
延	yán	7
延伸	yánshēn	5
延期	yánqī	4
延续	yánxù	4
延缓	yánhuǎn	7
延误	yánwù	7
延长	yáncháng	4
建	jiàn	3
建交	jiànjiāo	7
建成	jiàn chéng	3
建树	jiànshù	7
建立	jiànlì	3
建筑	jiànzhù	5
建筑师	jiànzhùshī	7
建筑物	jiànzhùwù	7
建议	jiànyì	3
建设	jiànshè	3
建造	jiàn zào	5
开	kāi	1
开业	kāi yè	3
开会	kāi huì	1
开关	kāiguān	6
开创	kāichuàng	6
开办	kāibàn	7
开动	kāidòng	7
开发	kāifā	3
开发区	kāifāqū	7
开发商	kāifāshāng	7
开口	kāikǒu	7
开启	kāiqǐ	7
开场	kāichǎng	7
开场白	kāichǎngbái	7
开垦	kāikěn	7
开夜车	kāiyèchē	6
开天辟地	kāitiānpìdì	7
开头	kāitóu	6
开始	kāishǐ	3
开学	kāi xué	2
开展	kāizhǎn	3
开工	kāigōng	7
开幕	kāi mù	5
开幕式	kāimùshì	5
开张	kāizhāng	7
开心	kāixīn	2
开拓	kāituò	7
开支	kāizhī	7
开放	kāifàng	3
开朗	kāilǎng	7
开机	kāi jī	2
开枪	kāiqiāng	7
开水	kāishuǐ	4
开玩笑	kāiwánxiào	1
开花	kāi huā	4
开设	kāishè	6
开车	kāi chē	1
开辟	kāipì	7
开通	kāitōng	6
开采	kāicǎi	7
开销	kāixiāo	7
开阔	kāikuò	7
开除	kāichú	7
异口同声	yìkǒutóngshēng	7
异常	yìcháng	6
异性	yìxìng	7
异想天开	yìxiǎngtiānkāi	7
异议	yìyì	7
弄	nòng	2
弄虚作假	nòngxūzuòjiǎ	7
弊病	bìbìng	7
弊端	bìduān	7
式	shì	5
弓	gōng	7
引	yǐn	4
引人入胜	yǐnrénrùshèng	7
引人注目	yǐnrénzhùmù	7
引入	yǐnrù	7
引发	yǐnfā	7
引导	yǐndǎo	4
引擎	yǐnqíng	7
引用	yǐnyòng	7
引经据典	yǐnjīngjùdiǎn	7
引诱	yǐnyòu	7
引起	yǐnqǐ	4
引进	yīn jìn	4
引领	yǐnlǐng	7
弘扬	hóngyáng	7
弟子	dìzi	7
弟弟	dì di	1
张	zhāng	3
张扬	zhāngyáng	7
张灯结彩	zhāngdēngjiécǎi	7
张贴	zhāngtiē	7
弥漫	mímàn	7
弥补	míbǔ	7
弦	xián	7
弯	wān	4
弯曲	wānqū	6
弱	ruò	4
弱势	ruòshì	7
弱点	ruòdiǎn	7
弹	tán	5
弹性	tánxìng	7
强	qiáng	3
强制	qiángzhì	7
强加	qiángjiā	7
强劲	qiángjìng	7
强势	qiángshì	6
强化	qiánghuà	6
强占	qiángzhàn	7
强壮	qiángzhuàng	6
强大	qiáng dà	3
强度	qiáng dù	5
强烈	qiángliè	3
强盗	qiángdào	6
强硬	qiángyìng	7
强行	qiángxíng	7
强调	qiángdiào	3
强迫	qiǎngpò	5
强项	qiángxiàng	7
归	guī	4
归宿	guīsù	7
归属	guīshǔ	7
归来	guīlái	7
归根到底	guīgēndàodǐ	7
归纳	guīnà	7
归结	guījié	7
归还	guīhuán	7
当	dāng	2
当下	dāngxià	7
当中	dāng zhōng	3
当之无愧	dāngzhīwúkuì	7
当事人	dāngshìrén	7
当今	dāngjīn	7
当代	dāngdài	5
当众	dāngzhòng	7
当作	dàngzuò	6
当初	dāngchū	3
当前	dāngqián	5
当务之急	dāngwùzhījí	7
当即	dāngjí	7
当地	dāngdì	3
当场	dāngchǎng	5
当天	dàngtiān	6
当年	dāng nián	5
当心	dāngxīn	7
当成	dāngchéng	6
当日	dāngrì	7
当时	dāngshí	2
当晚	dàngwǎn	7
当然	dāngrán	3
当真	dàngzhēn	7
当着	dāngzhe	7
当选	dāngxuǎn	5
当面	dāngmiàn	7
录	lù	3
录像	lùxiàng	6
录制	lùzhì	7
录取	lùqǔ	4
录音	lùyīn	3
录音机	lùyīnjī	6
形	xíng	6
形势	xíngshì	4
形容	xíngróng	4
形式	xíngshì	3
形形色色	xíngxíngsèsè	7
形影不离	xíngyǐngbùlí	7
形态	xíngtài	5
形成	xíngchéng	3
形状	xíngzhuàng	3
形象	xíngxiàng	3
彩电	cǎidiàn	7
彩票	cǎipiào	5
彩色	cǎi sè	3
彩虹	cǎihóng	7
彩霞	cǎixiá	7
彬彬有礼	bīnbīnyǒulǐ	7
影像	yǐngxiàng	7
影响	yǐngxiǎng	2
影子	yǐngzi	4
影星	yǐngxīng	6
影片	yǐng piàn	2
影视	yǐng shì	3
影迷	yǐngmí	6
彻夜	chèyè	7
彻底	chèdǐ	4
彼此	bǐcǐ	5
往	wǎng	2
往事	wǎngshì	7
往后	wǎnghòu	6
往常	wǎngcháng	7
往年	wǎngnián	6
往往	wǎngwǎng	3
往日	wǎngrì	7
往来	wǎnglái	6
往返	wǎngfǎn	7
征	zhēng	7
征收	zhēngshōu	7
征服	zhēngfú	4
征求	zhēngqiú	4
征集	zhēngjí	7
待	dāi	5
待会儿	dāihuìr	6
待遇	dàiyù	4
很	hěn	1
很难说	hěnnánshuō	6
律师	lǜshī	4
徐徐	xúxú	7
徒弟	túdì	6
徒步	túbù	7
得	dé	2
得不偿失	débùchángshī	7
得了	dé le	5
得以	dé yǐ	5
得体	détǐ	7
得出	dé chū	2
得分	dé fēn	3
得到	dé dào	1
得力	délì	7
得天独厚	détiāndúhòu	7
得失	déshī	7
得当	dédàng	7
得意	déyì	4
得意扬扬	déyìyángyáng	7
得手	déshǒu	7
得益于	déyìyú	7
得知	dézhī	7
得罪	dézuì	7
徘徊	páihuái	7
循序渐进	xúnxùjiànjìn	7
循环	xúnhuán	6
微不足道	wēibùzúdào	7
微信	wēi xìn	4
微博	wēi bó	5
微型	wēixíng	7
微妙	wēimiào	7
微弱	wēiruò	7
微波炉	wēibōlú	6
微笑	wēixiào	4
微观	wēiguān	7
德	dé	7
心	xīn	3
心中	xīn zhōng	2
心事	xīnshì	7
心声	xīnshēng	7
心安理得	xīn'ānlǐdé	7
心得	xīndé	7
心态	xīntài	5
心思	xīnsi	7
心急如焚	xīnjírúfén	7
心情	xīnqíng	2
心想事成	xīnxiǎngshìchéng	7
心意	xīnyì	7
心愿	xīnyuàn	6
心慌	xīnhuāng	7
心灵	xīnlíng	6
心灵手巧	xīnlíngshǒuqiǎo	7
心爱	xīn'ài	7
心理	xīnlǐ	4
心疼	xīnténg	5
心病	xīnbìng	7
心目	xīnmù	7
心眼儿	xīnyǎnr	7
心肠	xīncháng	7
心胸	xīnxiōng	7
心脏	xīnzàng	6
心脏病	xīnzàngbìng	6
心血	xīnxuè	7
心酸	xīnsuān	7
心里	xīn lǐ	2
心里话	xīnlǐhuà	7
必	bì	5
必不可少	bìbùkěshǎo	7
必定	bìdìng	7
必然	bìrán	3
必要	bìyào	3
必需	bì xū	5
必须	bìxū	2
忌	jì	7
忌口	jìkǒu	7
忌讳	jìhuì	7
忍	rěn	5
忍不住	rěnbuzhù	5
忍受	rěnshòu	5
忍心	rěnxīn	7
忍耐	rěnnài	7
忍饥挨饿	rěnjī'ái'è	7
志愿	zhì yuàn	3
志愿者	zhìyuànzhě	3
志气	zhìqì	7
忘	wàng	1
忘不了	wàngbuliǎo	7
忘掉	wàngdiào	7
忘记	wàngjì	1
忙	máng	1
忙乱	mángluàn	7
忙活	mánghuo	7
忙碌	mánglù	7
忠于	zhōngyú	7
忠实	zhōngshí	7
忠心	zhōngxīn	6
忠诚	zhōngchéng	7
忠贞	zhōngzhēn	7
忧愁	yōuchóu	7
忧虑	yōulǜ	7
忧郁	yōuyù	7
快	kuài	1
快乐	kuàilè	2
快捷	kuàijié	7
快活	kuàihuo	5
快点儿	kuài diǎnr	2
快要	kuài yào	2
快车	kuàichē	6
快递	kuài dì	4
快速	kuài sù	3
快餐	kuài cān	2
念	niàn	3
念书	niànshū	7
念头	niàntou	7
念念不忘	niànniànbúwàng	7
忽悠	hūyou	7
忽然	hūrán	2
忽略	hūlüè	6
忽视	hūshì	4
忽高忽低	hūgāohūdī	7
怀孕	huáiyùn	7
怀念	huáiniàn	4
怀抱	huáibào	7
怀旧	huáijiù	7
怀疑	huáiyí	4
怀着	huáizhe	7
怀里	huáilǐ	7
态度	tàidu	2
怎么	zěnme	1
怎么办	zěn me bàn	2
怎么样	zěnmeyàng	2
怎样	zěn yàng	2
怕	pà	2
怜惜	liánxī	7
思前想后	sīqiánxiǎnghòu	7
思念	sīniàn	7
思想	sīxiǎng	3
思索	sīsuǒ	7
思维	sīwéi	5
思考	sīkǎo	4
思路	sīlù	7
怠工	dàigōng	7
怠慢	dàimàn	7
怡然自得	yíránzìdé	7
急	jí	2
急于	jíyú	7
急剧	jíjù	7
急忙	jímáng	4
急性	jíxìng	7
急救	jíjiù	6
急诊	jízhěn	7
急转弯	jízhuǎnwān	7
急迫	jípò	7
急需	jíxū	7
性	xìng	3
性价比	xìngjiàbǐ	7
性别	xìngbié	3
性命	xìngmìng	7
性情	xìngqíng	7
性格	xìnggé	3
性能	xìngnéng	5
性质	xìngzhì	4
怨	yuàn	5
怨恨	yuànhèn	7
怨气	yuànqì	7
怨言	yuànyán	7
怪	guài	4
怪不得	guàibude	7
怪异	guàiyì	7
怪物	guàiwu	7
总	zǒng	3
总之	zǒngzhī	4
总体	zǒng tǐ	5
总共	zǒnggòng	4
总数	zǒng shù	5
总是	zǒngshì	3
总理	zǒnglǐ	4
总监	zǒngjiān	6
总算	zǒngsuàn	5
总经理	zǒngjīnglǐ	6
总结	zǒngjié	3
总统	zǒngtǒng	4
总裁	zǒngcái	5
总部	zǒngbù	6
总量	zǒngliàng	6
恋恋不舍	liànliànbùshě	7
恋爱	liàn'ài	5
恍然大悟	huǎngrándàwù	7
恐吓	kǒnghè	7
恐怕	kǒngpà	3
恐怖	kǒngbù	7
恐惧	kǒngjù	7
恐慌	kǒnghuāng	7
恐龙	kǒnglóng	7
恢复	huīfù	5
恨	hèn	5
恨不得	hènbude	7
恩人	ēnrén	6
恩怨	ēnyuàn	7
恩情	ēnqíng	7
恩惠	ēnhuì	7
恩赐	ēncì	7
恭喜	gōngxǐ	7
恭维	gōngwéi	7
息息相关	xīxīxiāngguān	7
恰到好处	qiàdàohǎochù	7
恰好	qiàhǎo	6
恰如其分	qiàrúqífèn	7
恰巧	qiàqiǎo	7
恰当	qiàdàng	6
恰恰	qiàqià	6
恰恰相反	qiàqiàxiāngfǎn	7
恶	è	7
恶劣	èliè	7
恶化	èhuà	7
恶心	ěxīn	4
恶性	èxìng	7
恶意	èyì	7
恼羞成怒	nǎoxiūchéngnù	7
悄悄	qiāoqiāo	5
悔恨	huǐhèn	7
悠久	yōujiǔ	7
悠闲	yōuxián	7
患	huàn	7
患有	huànyǒu	7
患病	huànbìng	7
患者	huànzhě	6
悦耳	yuè'ěr	7
您	nín	1
悬	xuán	6
悬崖	xuányá	7
悬念	xuánniàn	7
悬挂	xuánguà	7
悬殊	xuánshū	7
悲伤	bēi shāng	5
悲剧	bēi jù	5
悲哀	bēi'āi	7
悲欢离合	bēihuānlíhé	7
悲痛	bēitòng	7
悲观	bēiguān	7
悼念	dàoniàn	7
情	qíng	7
情不自禁	qíngbùzìjīn	7
情人	qíngrén	7
情侣	qínglǚ	7
情况	qíngkuàng	3
情形	qíngxíng	5
情怀	qínghuái	7
情感	qíng gǎn	3
情愿	qíngyuàn	7
情报	qíngbào	7
情景	qíngjǐng	4
情结	qíngjié	7
情绪	qíngxù	6
情节	qíngjié	5
情调	qíngdiào	7
情谊	qíngyì	7
惊	jīng	7
惊人	jīngrén	6
惊叹	jīngtàn	7
惊喜	jīngxǐ	6
惊天动地	jīngtiāndòngdì	7
惊奇	jīngqí	7
惊心动魄	jīngxīndòngpò	7
惊慌	jīnghuāng	7
惊慌失措	jīnghuāngshīcuò	7
惊讶	jīngyà	7
惊诧	jīngchà	7
惊醒	jīngxǐng	7
惊险	jīngxiǎn	7
惋惜	wǎnxī	7
惦记	diànjì	7
惨	cǎn	6
惨痛	cǎntòng	7
惨白	cǎnbái	7
惨重	cǎnzhòng	7
惩处	chéngchǔ	7
惩罚	chéngfá	7
惭愧	cánkuì	7
惯	guàn	7
惯例	guànlì	7
惯性	guànxìng	7
想	xiǎng	1
想不到	xiǎngbúdào	6
想到	xiǎng dào	2
想念	xiǎngniàn	4
想方设法	xiǎngfāngshèfǎ	7
想法	xiǎng fǎ	2
想象	xiǎngxiàng	4
想起	xiǎng qǐ	2
惹	rě	7
愁	chóu	5
愁眉苦脸	chóuméikǔliǎn	7
愈合	yùhé	7
愈来愈	yùláiyù	7
愈演愈烈	yùyǎnyùliè	7
愉快	yúkuài	6
意义	yìyì	3
意向	yìxiàng	7
意味着	yìwèizhe	5
意图	yìtú	7
意外	yìwài	3
意志	yìzhì	5
意思	yìsi	2
意想不到	yìxiǎngbúdào	6
意愿	yìyuàn	6
意料	yìliào	7
意料之外	yìliàozhīwài	7
意见	yìjiàn	2
意识	yìshí	5
愚公移山	yúgōngyíshān	7
愚蠢	yúchǔn	7
感	gǎn	7
感人	gǎnrén	6
感兴趣	gǎnxìngqù	4
感冒	gǎnmào	3
感到	gǎn dào	2
感动	gǎndòng	2
感受	gǎnshòu	3
感叹	gǎntàn	7
感性	gǎnxìng	7
感恩	gǎn'ēn	7
感情	gǎnqíng	3
感想	gǎnxiǎng	5
感慨	gǎnkǎi	7
感染	gǎnrǎn	7
感染力	gǎnrǎnlì	7
感激	gǎnjī	7
感觉	gǎnjué	2
感触	gǎnchù	7
感谢	gǎnxiè	2
愣	lèng	7
愤怒	fènnù	6
愿	yuàn	5
愿意	yuànyì	2
愿望	yuànwàng	3
慈善	císhàn	7
慈祥	cíxiáng	7
慌	huāng	5
慌乱	huāngluàn	7
慌张	huāngzhāng	7
慌忙	huāng máng	5
慎重	shènzhòng	7
慢	màn	1
慢性	mànxìng	7
慢慢	màn màn	3
慢慢来	mànmànlái	7
慢车	mànchē	6
慰劳	wèiláo	7
慰问	wèiwèn	5
慷慨	kāngkǎi	7
憋	biē	7
懂	dǒng	2
懂事	dǒngshì	7
懂得	dǒng de	2
懒	lǎn	6
懒得	lǎnde	7
懒惰	lǎnduò	7
戈壁	gēbì	7
戏	xì	5
戏剧	xìjù	5
戏曲	xìqǔ	6
成	chéng	2
成为	chéngwéi	2
成交	chéngjiāo	5
成人	chéngrén	4
成分	chéngfèn	6
成功	chénggōng	3
成千上万	chéngqiānshàngwàn	7
成员	chéngyuán	3
成品	chéngpǐn	6
成型	chéngxíng	7
成天	chéngtiān	7
成家	chéngjiā	7
成就	chéngjiù	3
成年	chéngnián	7
成才	chéngcái	7
成效	chéngxiào	5
成本	chéngběn	5
成果	chéngguǒ	3
成熟	chéngshú	3
成立	chénglì	3
成绩	chéngjì	2
成群结队	chéngqúnjiéduì	7
成语	chéngyǔ	5
成长	chéngzhǎng	3
成问题	chéngwèntí	7
我	wǒ	1
我们	wǒmen	1
戒	jiè	5
戒备	jièbèi	7
戒指	jièzhi	7
戒烟	jièyān	7
或	huò	2
或多或少	huòduōhuòshǎo	7
或是	huò shì	5
或者	huòzhě	2
或许	huòxǔ	4
战争	zhànzhēng	4
战友	zhànyǒu	6
战场	zhànchǎng	6
战士	zhàn shì	4
战斗	zhàndòu	4
战术	zhànshù	6
战略	zhànlüè	6
战胜	zhàn shèng	4
截	jié	7
截止	jiézhǐ	6
截然不同	jiéránbùtóng	7
截至	jiézhì	6
戳	chuō	7
戴	dài	4
户	hù	4
户外	hùwài	6
房东	fángdōng	3
房价	fángjià	6
房地产	fángdìchǎn	7
房子	fáng zi	1
房屋	fáng wū	3
房租	fáng zū	3
房间	fángjiān	1
所	suǒ	3
所以	suǒ yǐ	2
所作所为	suǒzuòsuǒwéi	7
所在	suǒ zài	5
所属	suǒshǔ	7
所有	suǒyǒu	2
所谓	suǒwèi	7
所长	suǒ zhǎng	3
扇	shàn	5
扇子	shànzi	5
手	shǒu	1
手册	shǒucè	7
手动	shǒudòng	7
手势	shǒushì	7
手头	shǒutóu	7
手套	shǒutào	4
手工	shǒugōng	4
手帕	shǒupà	7
手指	shǒuzhǐ	3
手掌	shǒuzhǎng	7
手术	shǒushù	4
手术室	shǒushùshì	7
手机	shǒujī	1
手枪	shǒuqiāng	7
手段	shǒu duàn	5
手法	shǒufǎ	5
手续	shǒuxù	3
手续费	shǒuxùfèi	6
手脚	shǒujiǎo	7
手腕	shǒuwàn	7
手臂	shǒubì	7
手艺	shǒuyì	7
手表	shǒubiǎo	2
手里	shǒu lǐ	4
才	cái	2
才华	cáihuá	7
才能	cái néng	3
扎	zhā	6
扎实	zhāshi	6
扎根	zhāgēn	7
扑	pū	6
扑克	pūkè	7
扑面而来	pūmiàn'érlái	7
扒	bā	6
打	dǎ	1
打交道	dǎjiāodao	7
打仗	dǎzhàng	7
打倒	dǎdǎo	7
打击	dǎjī	5
打动	dǎdòng	6
打包	dǎbāo	5
打印	dǎyìn	2
打印机	dǎyìnjī	6
打发	dǎfa	6
打听	dǎting	3
打官司	dǎguānsi	6
打岔	dǎchà	7
打工	dǎgōng	2
打开	dǎ kāi	1
打扫	dǎsǎo	4
打扮	dǎban	5
打扰	dǎrǎo	5
打折	dǎzhé	4
打招呼	dǎzhāohu	7
打捞	dǎlāo	7
打搅	dǎjiǎo	7
打断	dǎduàn	6
打架	dǎjià	5
打牌	dǎpái	6
打猎	dǎliè	7
打球	dǎ qiú	1
打电话	dǎ diàn huà	1
打盹儿	dǎdǔnr	7
打破	dǎ pò	3
打磨	dǎmó	7
打算	dǎsuàn	2
打败	dǎ bài	4
打车	dǎ chē	1
打通	dǎtōng	7
打造	dǎzào	6
打量	dǎliang	7
打针	dǎzhēn	4
打雷	dǎ léi	4
扔	rēng	5
托	tuō	6
托付	tuōfù	7
扣	kòu	6
扣人心弦	kòurénxīnxián	7
扣押	kòuyā	7
扣留	kòuliú	7
扣除	kòuchú	7
执意	zhíyì	7
执法	zhífǎ	7
执照	zhízhào	7
执着	zhízhuó	7
执行	zhíxíng	5
扩	kuò	7
扩大	kuòdà	4
扩展	kuò zhǎn	4
扩建	kuòjiàn	7
扩张	kuòzhāng	7
扩散	kuòsàn	7
扫	sǎo	4
扫兴	sǎoxìng	7
扫墓	sǎomù	7
扫描	sǎomiáo	7
扫除	sǎochú	7
扬	yáng	7
扭	niǔ	6
扭头	niǔtóu	7
扭曲	niǔqū	7
扭转	niǔzhuǎn	7
扮	bàn	7
扮演	bànyǎn	5
扯	chě	7
扰乱	rǎoluàn	7
扳	bān	7
扶	fú	5
扶持	fúchí	7
批	pī	4
批准	pīzhǔn	3
批判	pīpàn	7
批发	pīfā	7
批评	pīpíng	3
找	zhǎo	1
找出	zhǎo chū	2
找到	zhǎo dào	1
承办	chéngbàn	5
承包	chéngbāo	7
承受	chéngshòu	4
承担	chéngdān	4
承认	chéngrèn	4
承诺	chéngnuò	6
承载	chéngzài	7
技巧	jìqiǎo	4
技术	jìshù	3
技能	jì néng	5
技艺	jìyì	7
抄	chāo	4
抄写	chāo xiě	4
抄袭	chāoxí	7
把	bǎ	3
把关	bǎguān	6
把手	bǎshou	6
把握	bǎwò	3
把柄	bǎbǐng	7
抑制	yìzhì	7
抑扬顿挫	yìyángdùncuò	7
抑郁	yìyù	7
抑郁症	yìyùzhèng	7
抒情	shūqíng	7
抓	zhuā	3
抓住	zhuā zhù	3
抓紧	zhuājǐn	4
投	tóu	4
投入	tóurù	4
投奔	tóubèn	7
投射	tóushè	7
投机	tóujī	7
投票	tóupiào	6
投稿	tóugǎo	7
投诉	tóusù	4
投资	tóuzī	4
投身	tóushēn	7
投降	tóuxiáng	7
抖	dǒu	7
抗议	kàngyì	6
折	zhé	4
折叠	zhédié	7
折合	zhéhé	7
折射	zhéshè	7
折扣	zhékòu	7
折磨	zhémó	7
折腾	zhēteng	7
抚养	fǔyǎng	7
抚养费	fǔyǎngfèi	7
抚恤	fǔxù	7
抚摸	fǔmō	7
抛	pāo	7
抛开	pāokāi	7
抛弃	pāoqì	7
抠	kōu	7
抡	lūn	7
抢	qiǎng	5
抢劫	qiǎngjié	7
抢夺	qiǎngduó	7
抢救	qiǎngjiù	5
抢眼	qiǎngyǎn	7
护	hù	6
护士	hùshi	4
护照	hùzhào	2
护理	hùlǐ	7
报	bào	3
报亭	bàotíng	7
报仇	bàochóu	7
报到	bàodào	3
报名	bàomíng	2
报告	bàogào	3
报复	bàofù	7
报废	bàofèi	7
报社	bàoshè	7
报答	bàodá	5
报纸	bàozhǐ	2
报警	bàojǐng	5
报道	bàodào	3
报酬	bàochou	7
报销	bàoxiāo	7
抨击	pēngjī	7
披	pī	5
披露	pīlù	7
抬	tái	5
抬头	tái tóu	5
抱	bào	4
抱怨	bàoyuàn	5
抱负	bàofù	7
抵制	dǐzhì	7
抵御	dǐyù	7
抵抗	dǐkàng	6
抵押	dǐyā	7
抵挡	dǐdǎng	7
抵消	dǐxiāo	7
抵触	dǐchù	7
抵达	dǐdá	6
抹	mā	7
押	yā	7
押金	yājīn	5
抽	chōu	4
抽奖	chōu jiǎng	4
抽屉	chōuti	7
抽烟	chōuyān	4
抽签	chōuqiān	7
抽象	chōuxiàng	7
拄	zhǔ	7
担	dàn	7
担任	dānrèn	4
担保	dānbǎo	4
担子	dànzi	7
担当	dāndāng	7
担心	dānxīn	4
担忧	dānyōu	6
担负	dānfù	7
拆	chāi	5
拆迁	chāiqiān	6
拆除	chāichú	5
拉	lā	2
拉动	lādòng	7
拉开	lā kāi	4
拉拢	lālong	7
拉锁	lāsuǒ	7
拌	bàn	7
拍	pāi	3
拍卖	pāimài	7
拍戏	pāixì	7
拍摄	pāi shè	5
拍板	pāibǎn	7
拍照	pāi zhào	4
拎	līn	7
拐	guǎi	6
拐弯	guǎiwān	7
拐杖	guǎizhàng	7
拒绝	jùjué	5
拓宽	tuòkuān	7
拓展	tuòzhǎn	7
拔	bá	5
拖	tuō	6
拖延	tuōyán	7
拖欠	tuōqiàn	7
拖累	tuōlěi	7
拖鞋	tuōxié	6
拘束	jūshù	7
拘留	jūliú	7
招	zhāo	6
招募	zhāomù	7
招呼	zhāo hu	4
招待	zhāodài	7
招待会	zhāodàihuì	7
招手	zhāo shǒu	5
招揽	zhāolǎn	7
招收	zhāoshōu	7
招数	zhāoshù	7
招标	zhāobiāo	7
招牌	zhāopai	7
招生	zhāo shēng	5
招聘	zhāopìn	6
拜会	bàihuì	6
拜年	bàinián	6
拜托	bàituō	6
拜见	bàijiàn	7
拜访	bàifǎng	5
拟	nǐ	7
拟定	nǐdìng	7
拣	jiǎn	7
拥护	yōnghù	7
拥抱	yōngbào	5
拥挤	yōngjǐ	7
拥有	yōngyǒu	5
拦	lán	7
拧	níng	7
拨	bō	7
拨打	bōdǎ	6
拨款	bōkuǎn	7
拨通	bōtōng	7
括号	kuò hào	4
括弧	kuòhú	7
拯救	zhěngjiù	7
拱	gǒng	7
拳	quán	7
拳头	quántou	7
拴	shuān	7
拼	pīn	5
拼命	pīnmìng	7
拼搏	pīnbó	7
拾	shí	5
拿	ná	1
拿出	ná chū	2
拿到	ná dào	2
拿手	náshǒu	7
拿走	názǒu	6
持	chí	7
持久	chíjiǔ	7
持之以恒	chízhīyǐhéng	7
持有	chíyǒu	6
持续	chíxù	3
挂	guà	3
挂号	guàhào	7
挂失	guàshī	7
挂念	guàniàn	7
挂钩	guàgōu	7
指	zhǐ	3
指令	zhǐlìng	7
指出	zhǐ chū	3
指南	zhǐnán	7
指南针	zhǐnánzhēn	7
指向	zhǐxiàng	7
指头	zhǐtou	6
指定	zhǐdìng	6
指导	zhǐdǎo	3
指引	zhǐyǐn	7
指手画脚	zhǐshǒuhuàjiǎo	7
指挥	zhǐhuī	4
指教	zhǐjiào	7
指数	zhǐshù	6
指望	zhǐwàng	7
指标	zhǐbiāo	5
指点	zhǐdiǎn	7
指甲	zhǐjia	5
指着	zhǐzhe	6
指示	zhǐshì	5
指责	zhǐzé	5
按	àn	3
按摩	ànmó	5
按时	ànshí	4
按照	ànzhào	3
按理说	ànlǐshuō	7
按说	ànshuō	7
按键	ànjiàn	7
挎	kuà	7
挑	tiāo	4
挑剔	tiāoti	7
挑战	tiǎozhàn	4
挑衅	tiǎoxìn	7
挑起	tiǎoqǐ	7
挑选	tiāo xuǎn	4
挖	wā	6
挖掘	wājué	7
挖苦	wākǔ	7
挟持	xiéchí	7
挠	náo	7
挡	dǎng	5
挣	zhèng	5
挣扎	zhēngzhá	7
挣钱	zhèng qián	5
挤	jǐ	5
挤压	jǐyā	7
挥	huī	7
挨家挨户	āijiā-āihù	7
挨着	āizhe	5
挪	nuó	7
挫折	cuòzhé	7
振作	zhènzuò	7
振兴	zhènxīng	7
振动	zhèndòng	5
振奋	zhènfèn	7
挺	tǐng	2
挺好	tǐng hǎo	2
挽	wǎn	7
挽回	wǎnhuí	7
挽救	wǎnjiù	7
捅	tǒng	7
捆	kǔn	7
捉	zhuō	6
捍卫	hànwèi	7
捎	shāo	7
捏	niē	7
捐	juān	6
捐助	juānzhù	6
捐款	juānkuǎn	6
捐献	juānxiàn	7
捐赠	juānzèng	6
捕	bǔ	6
捕捉	bǔzhuō	7
捞	lāo	7
损	sǔn	7
损人利己	sǔnrénlìjǐ	7
损伤	sǔnshāng	7
损坏	sǔnhuài	7
损失	sǔnshī	5
损害	sǔn hài	5
捡	jiǎn	6
换	huàn	2
换位	huànwèi	7
换取	huànqǔ	7
换成	huànchéng	7
换言之	huànyánzhī	7
捣乱	dǎoluàn	7
捧	pěng	7
捧场	pěngchǎng	7
据	jù	6
据悉	jùxī	7
据此	jùcǐ	7
据说	jùshuō	3
捶	chuí	7
掀	xiān	7
掀起	xiānqǐ	7
授予	shòuyǔ	7
授权	shòuquán	7
掉	diào	2
掉头	diàotóu	7
掉队	diàoduì	7
掌声	zhǎngshēng	6
掌握	zhǎngwò	5
掌管	zhǎngguǎn	7
掏	tāo	6
掏钱	tāoqián	7
掐	qiā	7
排	pái	2
排列	páiliè	4
排名	pái míng	3
排放	páifàng	7
排斥	páichì	7
排球	pái qiú	2
排练	páiliàn	7
排行榜	páihángbǎng	6
排队	páiduì	2
排除	páichú	5
掠夺	lüèduó	7
探	tàn	7
探亲	tànqīn	7
探望	tànwàng	7
探求	tànqiú	7
探测	tàncè	7
探索	tànsuǒ	6
探讨	tàntǎo	6
探险	tànxiǎn	7
接	jiē	2
接下来	jiē xià lái	2
接二连三	jiē'èrliánsān	7
接到	jiē dào	2
接力	jiēlì	7
接受	jiēshòu	2
接听	jiētīng	7
接待	jiēdài	3
接手	jiēshǒu	7
接收	jiēshōu	6
接替	jiētì	7
接济	jiējì	7
接班	jiēbān	7
接班人	jiēbānrén	7
接着	jiēzhe	2
接纳	jiēnà	7
接见	jiējiàn	7
接触	jiēchù	5
接轨	jiēguǐ	7
接近	jiējìn	3
接连	jiēlián	5
接送	jiēsòng	7
接通	jiētōng	7
控制	kòngzhì	5
控告	kònggào	7
推	tuī	2
推出	tuīchū	6
推动	tuī dòng	3
推卸	tuīxiè	7
推广	tuīguǎng	3
推开	tuī kāi	3
推敲	tuīqiāo	7
推断	tuīduàn	7
推测	tuīcè	7
推理	tuīlǐ	7
推移	tuīyí	7
推算	tuīsuàn	7
推翻	tuīfān	7
推荐	tuījiàn	7
推行	tuī xíng	5
推辞	tuīcí	7
推进	tuī jìn	3
推迟	tuīchí	4
推选	tuīxuǎn	7
推销	tuīxiāo	4
掩护	yǎnhù	7
掩盖	yǎngài	7
掩饰	yǎnshì	7
措手不及	cuòshǒubùjí	7
措施	cuòshī	4
掰	bāi	6
掺	chān	7
揉	róu	7
描写	miáoxiě	4
描绘	miáohuì	7
描述	miáo shù	4
提	tí	2
提交	tíjiāo	6
提供	tígōng	4
提倡	tíchàng	5
提出	tí chū	2
提到	tí dào	2
提前	tíqián	3
提升	tíshēng	6
提名	tímíng	7
提心吊胆	tíxīndiàodǎn	7
提拔	tíbá	7
提早	tízǎo	7
提炼	tíliàn	7
提示	tíshì	5
提议	tíyì	7
提起	tí qǐ	5
提速	tísù	7
提醒	tíxǐng	4
提问	tíwèn	3
提防	dīfang	7
提高	tígāo	2
插	chā	5
插嘴	chāzuǐ	7
插图	chātú	7
插手	chāshǒu	7
握	wò	5
握手	wòshǒu	3
揣	chuāi	7
揣摩	chuǎimó	7
揣测	chuǎicè	7
揪	jiū	7
揭	jiē	6
揭发	jiēfā	7
揭晓	jiēxiǎo	7
揭示	jiēshì	7
揭露	jiēlù	7
援助	yuánzhù	6
揽	lǎn	7
搁	gē	7
搁浅	gēqiǎn	7
搁置	gēzhì	7
搂	lǒu	7
搅	jiǎo	7
搅拌	jiǎobàn	7
搏斗	bódòu	7
搓	cuō	7
搜	sōu	5
搜寻	sōuxún	7
搜救	sōujiù	7
搜查	sōuchá	7
搜索	sōusuǒ	5
搜集	sōují	7
搞	gǎo	5
搞好	gǎo hǎo	5
搞笑	gǎoxiào	7
搞鬼	gǎoguǐ	7
搬	bān	3
搬家	bān jiā	3
搬迁	bānqiān	7
搭	dā	6
搭乘	dāchéng	7
搭建	dājiàn	7
搭档	dādàng	6
搭配	dāpèi	6
携带	xiédài	7
携手	xiéshǒu	7
摄像	shè xiàng	5
摄像机	shè xiàng jī	5
摄影	shèyǐng	5
摄影师	shè yǐng shī	5
摄氏度	shèshìdù	7
摆	bǎi	4
摆动	bǎi dòng	4
摆平	bǎipíng	7
摆放	bǎifàng	7
摆脱	bǎituō	4
摆设	bǎishe	7
摇	yáo	4
摇头	yáo tóu	5
摇摆	yáobǎi	7
摇摇欲坠	yáoyáoyùzhuì	7
摇晃	yáohuàng	7
摇滚	yáogǔn	7
摇篮	yáolán	7
摊	tān	7
摔	shuāi	5
摔倒	shuāidǎo	5
摔跤	shuāijiāo	7
摘	zhāi	5
摧毁	cuīhuǐ	7
摩托	mó tuō	5
摩擦	mócā	5
摸	mō	4
摸索	mōsuǒ	7
撇	piě	7
撑	chēng	6
撒	sā	7
撒谎	sāhuǎng	7
撕	sī	7
撞	zhuàng	5
撤	chè	7
撤换	chèhuàn	7
撤离	chèlí	6
撤销	chèxiāo	6
撬	qiào	7
播	bō	6
播出	bō chū	3
播放	bōfàng	3
擅自	shànzì	7
擅长	shàncháng	7
操作	cāozuò	4
操劳	cāoláo	7
操场	cāochǎng	4
操心	cāoxīn	7
操控	cāokòng	7
操纵	cāozòng	6
擦	cā	4
攀	pān	7
攀升	pānshēng	7
攒	zǎn	7
支	zhī	3
支付	zhī fù	3
支出	zhīchū	5
支持	zhīchí	3
支援	zhīyuán	6
支撑	zhīchēng	6
支柱	zhīzhù	7
支票	zhīpiào	7
支配	zhīpèi	5
收	shōu	2
收买	shōumǎi	7
收入	shōurù	2
收养	shōuyǎng	6
收到	shōu dào	2
收取	shōuqǔ	6
收听	shōu tīng	3
收回	shōu huí	4
收复	shōufù	7
收拾	shōushi	5
收据	shōujù	7
收支	shōuzhī	7
收敛	shōuliǎn	7
收留	shōuliú	7
收益	shōuyì	4
收看	shōu kàn	3
收缩	shōusuō	7
收获	shōuhuò	4
收藏	shōucáng	6
收视率	shōushìlǜ	7
收购	shōu gòu	5
收费	shōu fèi	3
收集	shōu jí	5
收音机	shōuyīnjī	3
改	gǎi	2
改为	gǎiwéi	7
改动	gǎidòng	7
改变	gǎibiàn	2
改名	gǎimíng	7
改善	gǎishàn	4
改日	gǎirì	7
改正	gǎizhèng	4
改版	gǎibǎn	7
改编	gǎibiān	7
改良	gǎiliáng	7
改装	gǎizhuāng	6
改进	gǎijìn	3
改造	gǎi zào	3
改邪归正	gǎixiéguīzhèng	7
改革	gǎigé	5
改革开放	gǎigékāifàng	7
攻	gōng	7
攻关	gōngguān	7
攻击	gōngjī	6
攻读	gōngdú	7
放	fàng	1
放下	fàng xià	2
放假	fàng jià	1
放到	fàng dào	3
放大	fàngdà	5
放学	fàng xué	1
放弃	fàngqì	5
放心	fàngxīn	2
放映	fàngyìng	7
放松	fàngsōng	4
放水	fàngshuǐ	7
放纵	fàngzòng	7
放置	fàngzhì	7
放肆	fàngsì	7
放过	fàngguò	7
政党	zhèngdǎng	6
政府	zhèngfǔ	4
政权	zhèngquán	6
政治	zhèngzhì	4
政策	zhèngcè	6
故	gù	7
故乡	gùxiāng	3
故事	gùshi	2
故意	gùyì	2
故障	gùzhàng	6
效仿	xiàofǎng	7
效力	xiàolì	7
效应	xiàoyìng	7
效果	xiàoguǒ	3
效率	xiàolǜ	4
效益	xiàoyì	7
敌人	dírén	4
敏感	mǐngǎn	5
敏捷	mǐnjié	7
敏锐	mǐnruì	7
救	jiù	3
救助	jiùzhù	6
救命	jiùmìng	6
救护车	jiùhùchē	7
救援	jiùyuán	6
救治	jiùzhì	7
救济	jiùjì	7
救灾	jiù zāi	5
教	jiāo	1
教养	jiàoyǎng	7
教堂	jiàotáng	6
教学	jiào xué	2
教学楼	jiào xué lóu	1
教室	jiàoshì	2
教师	jiào shī	2
教授	jiàoshòu	4
教材	jiàocái	3
教条	jiàotiáo	7
教科书	jiàokēshū	7
教练	jiàoliàn	3
教育	jiàoyù	2
教育部	jiàoyùbù	6
教训	jiàoxùn	4
敞开	chǎngkāi	7
敢	gǎn	3
敢于	gǎnyú	6
敢情	gǎnqing	7
散	sàn	4
散发	sànfā	7
散布	sànbù	7
散文	sǎnwén	5
散步	sànbù	3
敦促	dūncù	7
敦厚	dūnhòu	7
敬	jìng	7
敬业	jìngyè	7
敬佩	jìngpèi	7
敬意	jìngyì	7
敬爱	jìng'ài	7
敬礼	jìnglǐ	7
敬而远之	jìng'éryuǎnzhī	7
敬请	jìngqǐng	7
敬酒	jìngjiǔ	7
敬重	jìngzhòng	7
数	shǔ	2
数字	shùzì	2
数据	shùjù	4
数据库	shùjùkù	7
数目	shù mù	5
数码	shùmǎ	4
数量	shùliàng	3
数额	shù'é	7
敲	qiāo	5
敲诈	qiāozhà	7
敲边鼓	qiāobiāngǔ	7
敲门	qiāo mén	5
整	zhěng	3
整个	zhěnggè	3
整体	zhěngtǐ	3
整合	zhěnghé	7
整天	zhěng tiān	3
整数	zhěngshù	7
整整	zhěng zhěng	3
整治	zhěngzhì	6
整洁	zhěngjié	7
整理	zhěnglǐ	3
整顿	zhěngdùn	6
整齐	zhěngqí	3
敷	fū	7
文	wén	7
文人	wénrén	7
文件	wénjiàn	3
文具	wénjù	7
文凭	wénpíng	7
文化	wénhuà	3
文娱	wényú	6
文字	wénzì	3
文学	wénxué	3
文明	wénmíng	3
文物	wénwù	7
文献	wénxiàn	7
文盲	wénmáng	7
文科	wénkē	7
文章	wénzhāng	3
文艺	wényì	5
文雅	wényǎ	7
斑点	bāndiǎn	7
斑纹	bānwén	6
斗	dòu	7
斗争	dòuzhēng	6
斗志	dòuzhì	7
料	liào	6
料到	liàodào	7
料理	liàolǐ	7
斜	xié	5
斤	jīn	2
斧子	fǔzi	7
斩	zhǎn	7
斩草除根	zhǎncǎochúgēn	7
断	duàn	3
断定	duàndìng	7
断断续续	duànduànxùxù	7
断裂	duànliè	7
新	xīn	1
新人	xīnrén	6
新兴	xīnxīng	6
新型	xīn xíng	4
新奇	xīnqí	7
新娘	xīnniáng	4
新年	xīn nián	1
新式	xīnshì	7
新房	xīnfáng	7
新手	xīnshǒu	7
新款	xīnkuǎn	7
新潮	xīncháo	7
新生	xīnshēng	7
新郎	xīnláng	4
新闻	xīnwén	2
新陈代谢	xīnchéndàixiè	7
新颖	xīnyǐng	7
新鲜	xīnxiān	4
方	fāng	4
方便	fāngbiàn	2
方便面	fāng biàn miàn	2
方向	fāngxiàng	2
方向盘	fāngxiàngpán	7
方式	fāngshì	3
方方面面	fāngfāngmiànmiàn	7
方案	fāng'àn	4
方法	fāngfǎ	2
方言	fāngyán	7
方针	fāngzhēn	4
方面	fāngmiàn	2
施加	shījiā	7
施压	shīyā	7
施工	shīgōng	7
施行	shīxíng	7
旁	páng	5
旁观	pángguān	7
旁边	pángbiān	1
旅客	lǚ kè	2
旅店	lǚdiàn	6
旅游	lǚyóu	2
旅程	lǚchéng	7
旅行	lǚxíng	2
旅行社	lǚ xíng shè	3
旅途	lǚtú	7
旅馆	lǚ guǎn	3
旋律	xuánlǜ	7
旋涡	xuánwō	7
旋转	xuánzhuǎn	6
族	zú	6
旗帜	qízhì	7
旗袍	qípáo	7
无	wú	4
无不	wúbù	7
无偿	wúcháng	7
无关	wúguān	6
无关紧要	wúguānjǐnyào	7
无力	wúlì	7
无可厚非	wúkěhòufēi	7
无可奈何	wúkěnàihé	7
无可奉告	wúkěfènggào	7
无奈	wúnài	5
无家可归	wújiākěguī	7
无形	wúxíng	7
无形中	wúxíngzhōng	7
无微不至	wúwēibúzhì	7
无忧无虑	wúyōuwúlǜ	7
无恶不作	wú'èbúzuò	7
无情	wúqíng	7
无情无义	wúqíngwúyì	7
无意	wúyì	7
无所事事	wúsuǒshìshì	7
无所作为	wúsuǒzuòwéi	7
无所谓	wúsuǒwèi	4
无故	wúgù	7
无效	wúxiào	6
无敌	wúdí	7
无数	wúshù	4
无条件	wútiáojiàn	7
无比	wúbǐ	7
无法	wú fǎ	4
无济于事	wújìyúshì	7
无理	wúlǐ	7
无疑	wú yí	5
无知	wúzhī	7
无私	wúsī	7
无穷	wúqióng	7
无精打采	wújīngdǎcǎi	7
无线	wúxiàn	7
无线电	wúxiàndiàn	7
无缘	wúyuán	7
无聊	wúliáo	4
无能	wúnéng	7
无能为力	wúnéngwéilì	7
无论	wúlùn	4
无论如何	wúlùnrúhé	7
无话可说	wúhuàkěshuō	7
无足轻重	wúzúqīngzhòng	7
无辜	wúgū	7
无边	wúbiān	6
无限	wú xiàn	4
无非	wúfēi	7
无须	wúxū	7
既	jì	4
既然	jìrán	4
日	rì	1
日前	rìqián	7
日历	rìlì	4
日后	rìhòu	7
日复一日	rìfùyírì	7
日夜	rìyè	6
日子	rìzi	2
日常	rìcháng	3
日报	rì bào	2
日新月异	rìxīnyuèyì	7
日期	rìqī	1
日益	rìyì	7
日程	rìchéng	7
日记	rìjì	4
日语	rìyǔ	6
日趋	rìqū	7
旧	jiù	3
旨在	zhǐzài	7
早	zǎo	1
早上	zǎoshang	1
早就	zǎo jiù	2
早已	zǎo yǐ	3
早年	zǎonián	7
早日	zǎorì	7
早晚	zǎowǎn	6
早晨	zǎo chén	2
早期	zǎo qī	5
早餐	zǎo cān	2
早饭	zǎo fàn	1
旭日	xùrì	7
旱	hàn	7
旱灾	hànzāi	7
时	shí	3
时不时	shíbushí	7
时事	shíshì	5
时代	shídài	3
时候	shíhou	1
时光	shíguāng	5
时刻	shíkè	3
时好时坏	shíhǎoshíhuài	7
时尚	shíshàng	7
时常	shícháng	5
时时	shíshí	6
时期	shíqī	6
时机	shíjī	5
时段	shíduàn	7
时空	shíkōng	7
时而	shí'ér	6
时节	shíjié	6
时装	shízhuāng	6
时速	shísù	7
时间	shíjiān	1
时间表	shíjiānbiǎo	7
时隔	shígé	7
时髦	shímáo	7
旷课	kuàngkè	7
旺	wàng	7
旺季	wàngjì	7
旺盛	wàngshèng	7
昂贵	ángguì	6
昆虫	kūnchóng	7
昌盛	chāngshèng	6
明亮	míng liàng	5
明天	míngtiān	1
明媚	míngmèi	7
明年	míng nián	1
明日	míngrì	6
明明	míngmíng	5
明星	míngxīng	2
明显	obvious	3
明智	míngzhì	7
明朗	mínglǎng	7
明白	míngbai	1
明确	míngquè	3
昏	hūn	6
昏迷	hūnmí	7
易拉罐	yìlāguàn	7
昔日	xīrì	7
星座	xīngzuò	7
星星	xīng xing	2
星期	xīngqī	1
星期天	xīng qī tiān	1
星期日	xīng qī rì	1
映	yìng	7
春天	chūn tiān	2
春季	chūn jì	4
春节	chūn jié	2
昨天	zuótiān	1
是	shì	1
是不是	shì bú shì	1
是否	shìfǒu	4
是非	shìfēi	7
昼夜	zhòuyè	7
显	xiǎn	5
显出	xiǎnchū	6
显得	xiǎnde	3
显然	xiǎnrán	3
显现	xiǎnxiàn	7
显眼	xiǎnyǎn	7
显示	xiǎnshì	3
显示器	xiǎnshìqì	7
显而易见	xiǎn'éryìjiàn	7
显著	xiǎnzhù	4
显赫	xiǎnhè	7
晃	huǎng	7
晃荡	huàngdang	7
晋升	jìnshēng	7
晒	shài	4
晒太阳	shàitàiyáng	7
晓得	xiǎodé	6
晕	yūn	6
晕倒	yūndǎo	7
晕车	yūnchē	6
晚	wǎn	1
晚上	wǎnshang	1
晚会	wǎn huì	2
晚安	wǎn ān	2
晚年	wǎnnián	7
晚报	wǎn bào	2
晚期	wǎnqī	7
晚点	wǎn diǎn	4
晚间	wǎnjiān	7
晚餐	wǎn cān	2
晚饭	wǎn fàn	1
普及	pǔjí	3
普通	pǔ tōng	2
普通人	pǔtōngrén	7
普通话	putōnghuà	2
普遍	pǔbiàn	3
景	jǐng	6
景区	jǐngqū	7
景点	jǐngdiǎn	6
景色	jǐngsè	3
景观	jǐngguān	7
景象	jǐng xiàng	5
晴	qíng	2
晴天	qíng tiān	2
晴朗	qínglǎng	5
晶莹	jīngyíng	7
智力	zhìlì	4
智商	zhìshāng	7
智慧	zhìhuì	6
智能	zhìnéng	4
暂	zàn	7
暂停	zàn tíng	5
暂时	zànshí	5
暑假	shǔ jià	4
暑期	shǔqī	7
暖	nuǎn	5
暖和	nuǎn huo	3
暖气	nuǎn qì	4
暖烘烘	nuǎnhōnghōng	7
暗	àn	4
暗中	ànzhōng	7
暗地里	àndìlǐ	7
暗杀	ànshā	7
暗示	ànshì	4
暴利	bàolì	7
暴躁	bàozào	7
暴风骤雨	bàofēngzhòuyǔ	7
曙光	shǔguāng	7
曝光	bàoguāng	7
曰	yuē	7
曲	qǔ	7
曲折	qūzhé	7
曲线	qūxiàn	7
更	gèng	2
更加	gèng jiā	3
更换	gēng huàn	5
更改	gēnggǎi	7
更新	gēngxīn	5
更是	gèngshì	6
更衣室	gēngyīshì	7
曾	céng	4
曾经	céngjīng	3
替	tì	4
替代	tì dài	4
替换	tìhuàn	7
替身	tìshēn	7
最	zuì	1
最佳	zuìjiā	6
最初	zuìchū	4
最后	zuìhòu	1
最好	zuìhǎo	1
最终	zuìzhōng	6
最近	zuìjìn	2
月	yuè	1
月亮	yuèliang	2
月份	yuè fèn	2
月初	yuèchū	7
月底	yuè dǐ	4
月球	yuè qiú	5
月票	yuèpiào	7
月饼	yuè bǐng	5
有	yǒu	1
有两下子	yǒuliǎngxiàzi	7
有事	yǒushì	6
有些	yǒu xiē	1
有人	yǒu rén	2
有关	yǒuguān	6
有利	yǒulì	3
有利于	yǒu lì yú	5
有力	yǒu lì	5
有助于	yǒuzhùyú	7
有劲儿	yǒu jìnr	4
有口无心	yǒukǒuwúxīn	7
有名	yǒumíng	1
有声有色	yǒushēngyǒusè	7
有害	yǒu hài	5
有幸	yǒuxìng	7
有序	yǒuxù	7
有待	yǒudài	7
有意	yǒuyì	7
有意思	yǒu yì si	2
有所	yǒusuǒ	7
有所不同	yǒusuǒbùtóng	7
有效	yǒu xiào	3
有效期	yǒuxiàoqī	7
有时候	yǒu shíhòu	1
有望	yǒuwàng	7
有朝一日	yǒuzhāoyírì	7
有机	yǒujī	7
有毒	yǒu dú	5
有没有	yǒuméiyǒu	6
有点儿	yǒu diǎnr	2
有用	yǒu yòng	1
有的	yǒu de	1
有的放矢	yǒudìfàngshǐ	7
有的是	yǒu de shì	3
有益	yǒuyì	7
有着	yǒu zhe	5
有空儿	yǒu kòngr	2
有趣	yǒuqù	4
有限	yǒu xiàn	4
朋友	péngyou	1
服	fú	6
服从	fúcóng	5
服务	fú wù	2
服务器	fúwùqì	7
服用	fúyòng	7
服装	fúzhuāng	3
服饰	fúshì	7
朗诵	lǎngsòng	7
朗读	lǎngdú	5
望	wàng	7
望见	wàngjiàn	6
望远镜	wàngyuǎnjìng	7
朝	cháo	3
朝三暮四	zhāosānmùsì	7
朝代	cháodài	7
朝夕相处	zhāoxīxiāngchǔ	7
朝气蓬勃	zhāoqìpéngbó	7
朝着	cháozhe	7
期	qī	3
期中	qī zhōng	4
期待	qīdài	4
期望	qīwàng	5
期末	qī mò	4
期盼	qīpàn	7
期间	qījiān	4
期限	qīxiàn	4
朦胧	ménglóng	7
木偶	mù'ǒu	7
木匠	mùjiàng	7
木头	mùtou	3
木材	mùcái	7
木板	mùbǎn	7
未	wèi	7
未免	wèimiǎn	7
未必	wèibì	4
未成年人	wèichéngniánrén	7
未来	wèilái	4
未知数	wèizhīshù	7
未经	wèijīng	7
末	mò	4
末日	mòrì	7
本	běn	1
本事	běnshi	3
本人	běnrén	5
本分	běnfèn	7
本子	běn zi	1
本性	běnxìng	7
本意	běnyì	7
本来	běnlái	3
本着	běnzhe	7
本科	běnkē	4
本能	běnnéng	7
本色	běnsè	7
本钱	běnqián	7
本领	běnlǐng	3
朱红	zhūhóng	7
朴实	pǔshí	7
朴素	pǔsù	7
朵	duǒ	5
机会	jīhuì	2
机关	jīguān	6
机制	jī zhì	5
机动	jīdòng	7
机动车	jīdòngchē	6
机器	jīqì	3
机器人	jī qì rén	5
机场	jīchǎng	1
机密	jīmì	7
机智	jīzhì	7
机构	jīgòu	4
机械	jīxiè	6
机灵	jīling	7
机票	jī piào	1
机舱	jīcāng	7
机遇	jīyù	4
杀	shā	5
杀害	shāhài	7
杀手	shāshǒu	7
杀毒	shā dú	5
杂	zá	6
杂乱无章	záluànwúzhāng	7
杂交	zájiāo	7
杂志	zázhì	3
杂技	zájì	7
权	quán	6
权利	quánlì	4
权力	quánlì	6
权威	quánwēi	7
权益	quányì	7
权衡	quánhéng	7
杆	gān	6
材料	cáiliào	4
村	cūn	3
村庄	cūnzhuāng	6
杜绝	dùjué	7
束	shù	3
束缚	shùfù	7
杠铃	gànglíng	7
条	tiáo	2
条件	tiáojiàn	2
条例	tiáolì	7
条款	tiáokuǎn	7
条约	tiáoyuē	7
来	lái	1
来不及	láibují	4
来临	láilín	7
来信	lái xìn	5
来到	lái dào	1
来历	láilì	7
来回	láihuí	7
来宾	láibīn	7
来年	láinián	7
来往	láiwǎng	6
来得及	láidejí	4
来源	láiyuán	4
来源于	láiyuányú	7
来电	láidiàn	7
来自	láizì	2
来访	láifǎng	7
来龙去脉	láilóngqùmài	7
杨树	yángshù	7
杯	bēi	1
杯子	bēi zi	1
杰出	jiéchū	6
松	sōng	4
松弛	sōngchí	7
松树	sōng shù	4
松绑	sōngbǎng	7
板	bǎn	3
板块	bǎnkuài	7
极	jí	4
极为	jíwéi	7
极了	jí le	3
极其	jíqí	4
极力	jílì	7
极少数	jíshǎoshù	7
极度	jídù	7
极端	jíduān	6
极限	jíxiàn	7
构建	gòujiàn	6
构思	gòusī	7
构想	gòuxiǎng	7
构成	gòuchéng	4
构造	gòu zào	4
枕头	zhěntou	7
枚	méi	7
果园	guǒyuán	7
果实	guǒshí	4
果断	guǒduàn	7
果树	guǒshù	6
果汁	guǒzhī	3
果然	guǒrán	3
果真	guǒzhēn	7
果酱	guǒjiàng	6
枝	zhī	6
枢纽	shūniǔ	7
枣	zǎo	7
枪	qiāng	5
枪毙	qiāngbì	7
枯燥	kūzào	7
架	jià	3
架势	jiàshi	7
架子	jiàzi	7
柏树	bǎishù	7
某	mǒu	3
染	rǎn	5
柔和	róuhé	7
柔软	róuruǎn	7
柜台	guìtái	7
柜子	guì zi	5
查	chá	2
查出	cháchū	6
查处	cháchǔ	7
查找	cházhǎo	7
查明	chámíng	7
查看	chákàn	6
查询	chá xún	5
柱子	zhùzi	6
柳树	liǔshù	7
柿子	shìzi	7
标	biāo	7
标准	biāozhǔn	3
标志	biāozhì	4
标本	biāoběn	7
标榜	biāobǎng	7
标示	biāoshì	7
标签	biāoqiān	7
标致	biāozhì	7
标语	biāoyǔ	7
标题	biāotí	3
栋	dòng	7
栋梁	dòngliáng	7
栏	lán	7
栏杆	lángān	7
栏目	lánmù	6
树	shù	1
树叶	shù yè	4
树木	shùmù	7
树林	shù lín	4
树枝	shùzhī	7
树梢	shùshāo	7
树立	shùlì	7
树荫	shùyīn	7
校园	xiào yuán	2
校长	xiàozhǎng	2
株	zhū	7
样	yàng	6
样品	yàngpǐn	7
样子	yàngzi	2
样本	yàngběn	7
核	hé	7
核实	héshí	7
核对	héduì	7
核心	héxīn	6
核桃	hétao	7
核武器	héwǔqì	7
核电站	hédiànzhàn	7
核能	hénéng	7
根	gēn	4
根基	gēnjī	7
根据	gēnjù	4
根本	gēnběn	3
根治	gēnzhì	7
根深蒂固	gēnshēndìgù	7
根源	gēnyuán	7
格	gé	7
格外	géwài	4
格局	géjú	7
格式	géshì	7
格格不入	gégébúrù	7
栽	zāi	7
栽培	zāipéi	7
桂花	guìhuā	7
桃	táo	5
桃树	táo shù	5
桃花	táo huā	5
框	kuàng	7
框架	kuàngjià	7
案件	ànjiàn	6
案例	ànlì	6
桌子	zhuōzi	1
桑拿	sāngná	7
档	dàng	6
档案	dàng'àn	6
档次	dàngcì	7
桥	qiáo	3
桥梁	qiáoliáng	6
桶	tǒng	7
梅花	méihuā	6
梦	mèng	4
梦幻	mènghuàn	7
梦想	mèngxiǎng	4
梦见	mèng jiàn	4
梨	lí	5
梯子	tīzi	7
梳	shū	7
梳子	shūzi	7
梳理	shūlǐ	7
检察	jiǎnchá	7
检查	jiǎnchá	2
检测	jiǎn cè	4
检讨	jiǎntǎo	7
检验	jiǎnyàn	5
棉	mián	6
棉花	miánhua	7
棋	qí	7
棋子	qízǐ	7
棍	gùn	7
棍子	gùnzi	7
棒	bàng	5
棒球	bàngqiú	7
棘手	jíshǒu	7
森林	sēnlín	4
棱角	léngjiǎo	7
棵	kē	4
棺材	guāncai	7
椅子	yǐzi	2
植物	zhíwù	4
椰子	yēzi	7
楷模	kǎimó	7
楼	lóu	1
楼上	lóu shàng	1
楼下	lóu xià	1
楼房	lóufáng	6
楼梯	lóu tī	4
楼道	lóudào	6
概况	gàikuàng	7
概念	gàiniàn	3
概括	gàikuò	4
概率	gàilǜ	7
概论	gàilùn	7
榜样	bǎngyàng	6
榨	zhà	7
槐树	huáishù	7
槽	cáo	7
模仿	mófǎng	5
模型	móxíng	4
模式	móshì	5
模拟	mónǐ	7
模样	múyàng	5
模特儿	mó tè r	4
模糊	móhu	5
模范	mófàn	5
横	hèng	6
横七竖八	héngqīshùbā	7
横向	héngxiàng	7
橘子	júzi	7
橙汁	chéngzhī	7
橡皮	xiàngpí	7
橡胶	xiàngjiāo	7
欠	qiàn	5
欠条	qiàntiáo	7
欠缺	qiànquē	7
次	cì	1
次数	cìshù	6
次日	cìrì	7
欢乐	huānlè	3
欢呼	huānhū	7
欢声笑语	huānshēngxiàoyǔ	7
欢快	huānkuài	7
欢聚	huānjù	7
欢迎	huānyíng	2
欣喜	xīnxǐ	7
欣慰	xīnwèi	7
欣欣向荣	xīnxīnxiàngróng	7
欣赏	xīnshǎng	5
欲望	yùwàng	7
欺诈	qīzhà	7
欺负	qīfu	6
欺骗	qīpiàn	7
款式	kuǎnshì	7
款项	kuǎnxiàng	7
歇	xiē	5
歉意	qiànyì	7
歌	gē	1
歌剧	gējù	7
歌咏	gēyǒng	7
歌唱	gēchàng	6
歌声	gē shēng	3
歌手	gē shǒu	3
歌星	gēxīng	6
歌曲	gē qǔ	5
歌舞	gēwǔ	7
歌词	gēcí	6
歌迷	gē mí	3
歌颂	gēsòng	7
止	zhǐ	6
止咳	zhǐké	7
止步	zhǐbù	7
止血	zhǐxuè	7
正	zhèng	1
正义	zhèngyì	5
正在	zhèngzài	1
正好	zhènghǎo	2
正如	zhèng rú	5
正宗	zhèngzōng	7
正常	zhèngcháng	2
正式	zhèngshì	3
正当	zhèngdāng	6
正是	zhèng shì	2
正版	zhèng bǎn	5
正直	zhèngzhí	7
正确	zhèngquè	2
正能量	zhèngnéngliàng	7
正规	zhèngguī	5
正视	zhèngshì	7
正面	zhèngmiàn	7
此	cǐ	4
此事	cǐshì	6
此刻	cǐ kè	5
此前	cǐqián	6
此后	cǐ hòu	5
此处	cǐchù	6
此外	cǐwài	4
此时	cǐ shí	5
此次	cǐcì	6
此致	cǐzhì	6
此起彼伏	cǐqǐbǐfú	7
步	bù	3
步伐	bùfá	7
步入	bùrù	7
步行	bù xíng	4
步骤	bùzhòu	7
武力	wǔlì	7
武器	wǔqì	3
武术	wǔshù	3
武装	wǔzhuāng	7
歧视	qíshì	7
歪	wāi	7
歪曲	wāiqū	7
歹徒	dǎitú	7
死	sǐ	3
死亡	sǐwáng	6
死心	sǐxīn	7
死心塌地	sǐxīntādì	7
歼灭	jiānmiè	7
残	cán	7
残忍	cánrěn	7
残留	cánliú	7
残疾	cánjí	6
残疾人	cánjírén	6
残缺	cánquē	7
残酷	cánkù	6
殴打	ōudǎ	7
段	duàn	2
段落	duànluò	7
殷勤	yīnqín	7
殿堂	diàntáng	7
毁	huǐ	6
毁坏	huǐhuài	7
毁灭	huǐmiè	7
毅力	yìlì	7
毅然	yìrán	7
母	mǔ	6
母亲	mǔqīn	3
母女	mǔnǚ	6
母子	mǔzǐ	6
母鸡	mǔjī	6
每	měi	3
每当	měidāng	7
每逢	měiféng	7
毒	dú	5
毒品	dúpǐn	6
比	bǐ	1
比不上	bǐbushàng	7
比例	bǐlì	3
比分	bǐ fēn	4
比喻	bǐyù	7
比如	bǐrú	2
比如说	bǐ rú shuō	2
比方	bǐfang	5
比比皆是	bǐbǐjiēshì	7
比试	bǐshi	7
比赛	bǐsài	3
比起	bǐqǐ	7
比较	bǐjiào	3
比重	bǐzhòng	5
毕业	bìyè	4
毕业生	bì yè shēng	4
毕竟	bìjìng	5
毛	máo	1
毛巾	máojīn	4
毛病	máobìng	3
毛笔	máo bǐ	5
毛衣	máo yī	4
毫不	háobù	7
毫不犹豫	háobùyóuyù	7
毫升	háo shēng	4
毫无	háowú	7
毫米	háomǐ	4
毯子	tǎnzi	7
民主	mínzhǔ	6
民众	mínzhòng	7
民俗	mínsú	7
民办	mínbàn	7
民工	míngōng	6
民意	mínyì	6
民族	mínzú	3
民歌	míngē	6
民用	mínyòng	7
民警	mínjǐng	6
民间	mínjiān	3
气	qì	2
气体	qì tǐ	5
气候	qìhòu	3
气势	qìshì	7
气味	qìwèi	7
气息	qìxī	7
气愤	qìfèn	7
气氛	qìfēn	6
气泡	qìpào	7
气派	qìpài	7
气温	qì wēn	2
气球	qì qiú	4
气管	qìguǎn	7
气象	qìxiàng	5
气质	qìzhì	7
气馁	qìněi	7
气魄	qìpò	7
氛围	fēnwéi	7
氧	yǎng	7
氧气	yǎngqì	6
水	shuǐ	1
水产品	shuǐ chǎn pǐn	5
水准	shuǐzhǔn	7
水分	shuǐ fèn	5
水利	shuǐlì	7
水域	shuǐyù	7
水壶	shuǐhú	7
水平	shuǐpíng	2
水库	shuǐ kù	5
水手	shuǐshǒu	7
水晶	shuǐjīng	7
水果	shuǐguǒ	1
水槽	shuǐcáo	7
水泥	shuǐní	6
水涨船高	shuǐzhǎngchuángāo	7
水温	shuǐwēn	7
水源	shuǐyuán	7
水灵灵	shuǐlínglíng	7
水灾	shuǐ zāi	5
水稻	shuǐdào	7
水管	shuǐguǎn	7
水落石出	shuǐluòshíchū	7
水货	shuǐhuò	7
水面	shuǐmiàn	7
水龙头	shuǐlóngtóu	7
永不	yǒngbù	7
永久	yǒngjiǔ	7
永恒	yǒnghéng	7
永远	yǒngyuǎn	2
汁	zhī	7
求	qiú	2
求助	qiúzhù	7
求医	qiúyī	7
求婚	qiúhūn	7
求学	qiúxué	7
求救	qiújiù	7
求职	qiúzhí	6
求证	qiúzhèng	7
汇	huì	4
汇合	huìhé	7
汇报	huìbào	4
汇款	huì kuǎn	5
汇率	huìlǜ	4
汇聚	huìjù	7
汇集	huìjí	7
汉字	hàn zì	1
汉语	hànyǔ	1
汗	hàn	5
汗水	hànshuǐ	7
江	jiāng	4
池塘	chítáng	7
池子	chí zi	5
污染	wūrǎn	5
污水	wū shuǐ	5
污秽	wūhuì	7
汤	tāng	3
汤圆	tāngyuán	7
汪洋	wāngyáng	7
汹涌	xiōngyǒng	7
汽水	qì shuǐ	4
汽油	qìyóu	4
汽车	qì chē	1
沉	chén	4
沉思	chénsī	7
沉浸	chénjìn	7
沉淀	chéndiàn	7
沉甸甸	chéndiàndiān	7
沉着	chénzhuó	7
沉稳	chénwěn	7
沉迷	chénmí	7
沉重	chénzhòng	4
沉闷	chénmèn	7
沉默	chénmò	4
沏	qī	7
沐浴露	mùyùlù	7
沙发	shāfā	3
沙子	shā zi	3
沙滩	shātān	7
沙漠	shāmò	5
沙龙	shālóng	7
沟	gōu	5
沟通	gōutōng	5
没	méi	1
没事儿	méi shìr	1
没什么	méi shén me	1
没关系	méiguānxi	1
没准儿	méizhǔnr	7
没劲	méijìn	7
没完没了	méiwánméiliǎo	7
没想到	méi xiǎng dào	4
没意思	méiyìsi	7
没收	mòshōu	6
没有	méi yǒu	1
没法儿	méi fǎr	4
没用	méi yòng	3
没落	mòluò	7
没说的	méishuōde	7
没辙	méizhé	7
没错	méi cuò	4
沧桑	cāngsāng	7
沮丧	jǔsàng	7
河	hé	2
河流	héliú	7
河畔	hépàn	7
沸沸扬扬	fèifèiyángyáng	7
沸腾	fèiténg	7
油	yóu	2
油画	yóuhuà	7
治	zhì	4
治学	zhìxué	7
治安	zhì'ān	5
治愈	zhìyù	7
治理	zhìlǐ	5
治疗	zhìliáo	4
治病	zhìbìng	6
沼泽	zhǎozé	7
沽名钓誉	gūmíngdiàoyù	7
沾	zhān	7
沾光	zhānguāng	7
沿	yán	6
沿岸	yán'àn	7
沿海	yánhǎi	6
沿着	yánzhe	6
沿线	yánxiàn	7
沿途	yántú	7
泄	xiè	7
泄密	xièmì	7
泄气	xièqì	7
泄漏	xièlòu	7
泄露	xièlòu	7
泉	quán	5
法	fǎ	4
法制	fǎ zhì	5
法官	fǎ guān	4
法庭	fǎtíng	6
法律	fǎlǜ	4
法规	fǎ guī	5
法语	fǎyǔ	6
法院	fǎyuàn	4
泛滥	fànlàn	7
泡	pào	6
泡沫	pàomò	7
波动	bōdòng	6
波及	bōjí	7
波折	bōzhé	7
波浪	bōlàng	6
波涛	bōtāo	7
波澜	bōlán	7
泥	ní	6
泥土	nítǔ	7
泥潭	nítán	7
注册	zhùcè	5
注射	zhùshè	5
注意	zhùyì	3
注视	zhùshì	5
注重	zhùzhòng	5
泪	lèi	4
泪水	lèi shuǐ	4
泰斗	tàidǒu	7
泻	xiè	7
泼	pō	5
泼冷水	pōlěngshuǐ	7
洁净	jiéjìng	7
洋	yáng	6
洋溢	yángyì	7
洒	sǎ	5
洗	xǐ	1
洗手间	xǐshǒujiān	1
洗涤剂	xǐdíjì	7
洗澡	xǐzǎo	2
洗礼	xǐlǐ	7
洗衣机	xǐ yī jī	2
洗衣粉	xǐyīfěn	6
洞	dòng	5
津津有味	jīnjīnyǒuwèi	7
津贴	jīntiē	7
洪亮	hóngliàng	7
洪水	hóngshuǐ	6
活	huó	3
活儿	huór	7
活力	huólì	5
活动	huódòng	2
活期	huóqī	7
活泼	huópō	5
活该	huógāi	7
活跃	huóyuè	6
洽谈	qiàtán	7
派	pài	3
派出	pàichū	6
派别	pàibié	7
派遣	pàiqiǎn	7
流	liú	2
流传	liúchuán	4
流入	liúrù	7
流利	liúli	2
流动	liú dòng	5
流向	liúxiàng	7
流域	liúyù	7
流失	liúshī	7
流感	liúgǎn	6
流氓	liúmáng	7
流水	liúshuǐ	7
流泪	liúlèi	7
流浪	liúlàng	7
流淌	liútǎng	7
流畅	liúchàng	7
流程	liúchéng	7
流血	liúxuè	7
流行	liúxíng	2
流转	liúzhuǎn	7
流通	liútōng	5
流量	liúliàng	7
流露	liúlù	7
浅	qiǎn	4
浇	jiāo	7
测	cè	4
测定	cèdìng	6
测算	cèsuàn	7
测试	cè shì	4
测量	cèliáng	4
测验	cèyàn	7
浏览	liúlǎn	7
浏览器	liúlǎnqì	7
浑身	húnshēn	7
浓	nóng	4
浓厚	nónghòu	7
浓缩	nóngsuō	7
浓郁	nóngyù	7
浓重	nóngzhòng	7
浩劫	hàojié	7
浪	làng	7
浪漫	làngmàn	5
浪费	làngfèi	3
浮	fú	6
浮力	fúlì	7
浮现	fúxiàn	7
浮躁	fúzào	7
浴室	yùshì	7
海	hǎi	2
海关	hǎiguān	3
海内外	hǎinèiwài	7
海军	hǎijūn	6
海啸	hǎixiào	7
海域	hǎiyù	7
海外	hǎiwài	6
海岸	hǎi'àn	7
海峡	hǎixiá	7
海底	hǎidǐ	6
海报	hǎibào	6
海拔	hǎibá	7
海水	hǎi shuǐ	4
海洋	hǎiyáng	6
海浪	hǎilàng	6
海湾	hǎiwān	6
海滨	hǎibīn	7
海滩	hǎitān	7
海盗	hǎidào	7
海绵	hǎimián	7
海藻	hǎizǎo	7
海边	hǎi biān	2
海运	hǎiyùn	7
海量	hǎiliàng	7
海面	hǎimiàn	7
海鲜	hǎixiān	4
浸泡	jìnpào	7
涂	tú	7
消	xiāo	7
消化	xiāohuà	4
消失	xiāoshī	3
消息	xiāoxi	3
消极	xiāojí	5
消毒	xiāodú	5
消沉	xiāochén	7
消灭	xiāomiè	6
消耗	xiāohào	6
消费	xiāofèi	3
消费者	xiāo fèi zhě	5
消遣	xiāoqiǎn	7
消防	xiāofáng	5
消除	xiāochú	5
涉及	shèjí	6
涉嫌	shèxián	7
涌	yǒng	7
涌入	yǒngrù	7
涌现	yǒngxiàn	7
涝	lào	7
润	rùn	7
涨	zhǎng	5
涨价	zhǎng jià	5
涮	shuàn	7
液体	yètǐ	7
液晶	yèjīng	7
涵义	hányì	7
涵盖	hángài	7
淀粉	diànfěn	7
淋	lín	7
淌	tǎng	7
淘	táo	7
淘气	táoqì	7
淘汰	táotài	7
淡	dàn	4
淡化	dànhuà	7
淡季	dànjì	7
深	shēn	3
深信	shēnxìn	7
深入	shēn rù	3
深入人心	shēnrùrénxīn	7
深切	shēnqiè	7
深刻	shēnkè	3
深化	shēnhuà	6
深厚	shēn hòu	4
深受	shēnshòu	7
深处	shēn chù	5
深夜	shēnyè	7
深奥	shēn'ào	7
深度	shēn dù	5
深思	shēnsī	7
深情	shēnqíng	7
深深	shēnshēn	6
深远	shēnyuǎn	7
混	hùn	6
混乱	hùnluàn	6
混凝土	hùnníngtǔ	7
混合	hùnhé	6
混浊	hùnzhuó	7
混淆	hùnxiáo	7
淹	yān	7
添	tiān	6
添加	tiānjiā	7
清	qīng	6
清凉	qīngliáng	7
清单	qīngdān	7
清新	qīngxīn	7
清明	qīngmíng	7
清明节	qīngmíngjié	6
清晨	qīngchén	5
清晰	qīngxī	7
清楚	qīngchu	2
清洁	qīngjié	6
清洁工	qīngjiégōng	6
清洗	qīngxǐ	6
清淡	qīngdàn	7
清理	qīnglǐ	5
清真寺	qīngzhēnsì	7
清脆	qīngcuì	7
清醒	qīngxǐng	4
清除	qīngchú	7
清静	qīngjìng	7
渊源	yuānyuán	7
渐渐	jiàn jiàn	4
渔民	yúmín	7
渔船	yúchuán	7
渗	shèn	7
渗透	shèntòu	7
渠道	qúdào	6
渡	dù	6
渡过	dùguò	7
渣子	zhāzi	7
温习	wēnxí	7
温和	wēnhé	5
温室	wēnshì	7
温度	wēndù	2
温度计	wēndùjì	7
温暖	wēnnuǎn	3
温柔	wēnróu	7
温泉	wēnquán	7
温馨	wēnxīn	7
港	gǎng	7
港口	gǎngkǒu	6
渴	kě	1
渴望	kěwàng	5
游	yóu	3
游人	yóurén	6
游客	yóu kè	2
游戏	yóuxì	3
游戏机	yóuxìjī	6
游泳	yóuyǒng	3
游泳池	yóu yǒng chí	5
游玩	yóuwán	6
游船	yóuchuán	7
游行	yóuxíng	6
游览	yóulǎn	7
渺小	miǎoxiǎo	7
湖	hú	2
湖泊	húpō	7
湿	shī	4
湿度	shīdù	7
湿润	shīrùn	7
溅	jiàn	7
源于	yuányú	7
源头	yuántóu	7
源泉	yuánquán	7
源源不断	yuányuánbúduàn	7
溜	liū	7
溜达	liūda	7
溢	yì	7
溶解	róngjiě	7
滑	huá	5
滑冰	huábīng	7
滑梯	huátī	7
滑稽	huájī	7
滑雪	huáxuě	7
滔滔不绝	tāotāobùjué	7
滚	gǔn	5
滚动	gǔndòng	7
滞后	zhìhòu	7
滞留	zhìliú	7
满	mǎn	2
满怀	mǎnhuái	7
满意	mǎnyì	2
满足	mǎnzú	3
滥用	lànyòng	7
滨海	bīnhǎi	7
滴	dī	6
漂	piāo	7
漂亮	piàoliang	2
漆	qī	7
漏	lòu	5
漏洞	lòu dòng	5
演	yǎn	3
演习	yǎnxí	7
演出	yǎnchū	3
演变	yǎnbiàn	7
演员	yǎnyuán	3
演唱	yǎn chàng	3
演唱会	yǎn chàng huì	3
演奏	yǎnzòu	6
演戏	yǎnxì	7
演技	yǎnjì	7
演播室	yǎnbōshì	7
演示	yǎnshì	7
演练	yǎnliàn	7
演绎	yǎnyì	7
演艺圈	yǎnyìquān	7
演讲	yǎnjiǎng	4
演说	yǎnshuō	7
漠然	mòrán	7
漫	màn	7
漫游	mànyóu	7
漫画	mànhuà	5
漫长	màncháng	5
潇洒	xiāosǎ	7
潜力	qiánlì	6
潜在	qiánzài	7
潜水	qiánshuǐ	7
潜移默化	qiányímòhuà	7
潜能	qiánnéng	7
潜艇	qiántǐng	7
潦草	liáocǎo	7
潮	cháo	4
潮流	cháoliú	4
潮湿	cháoshī	4
澄清	chéngqīng	7
激光	jīguāng	7
激动	jīdòng	4
激励	jīlì	7
激化	jīhuà	7
激发	jīfā	7
激情	jīqíng	6
激活	jīhuó	7
激烈	jīliè	4
激素	jīsù	7
激起	jīqǐ	7
瀑布	pùbù	7
灌	guàn	7
灌溉	guàngài	7
灌输	guànshū	7
火	huǒ	3
火候	huǒhou	7
火山	huǒshān	7
火暴	huǒbào	7
火柴	huǒchái	5
火灾	huǒ zāi	5
火炬	huǒjù	7
火热	huǒrè	7
火焰	huǒyàn	7
火箭	huǒjiàn	6
火腿	huǒ tuǐ	5
火花	huǒhuā	7
火药	huǒyào	7
火车	huǒ chē	1
火辣辣	huǒlàlà	7
火速	huǒsù	7
火锅	huǒguō	7
灭	miè	6
灭亡	mièwáng	7
灭绝	mièjué	7
灯	dēng	2
灯光	dēng guāng	4
灯泡	dēngpào	7
灯笼	dēnglong	7
灰	huī	7
灰尘	huīchén	7
灰心	huīxīn	7
灰色	huī sè	5
灵	líng	7
灵巧	língqiǎo	7
灵感	línggǎn	7
灵敏	língmǐn	7
灵机一动	língjīyídòng	7
灵活	línghuó	6
灵通	língtōng	7
灵魂	línghún	7
灾	zāi	5
灾区	zāi qū	5
灾害	zāihài	5
灾难	zāinàn	5
灿烂	cànlàn	7
炉子	lúzi	7
炉灶	lúzào	7
炎热	yánrè	7
炎症	yánzhèng	7
炒	chǎo	6
炒作	chǎozuò	6
炒股	chǎogǔ	6
炖	dùn	7
炫耀	xuànyào	7
炭	tàn	7
炮	pào	6
炸	zhà	6
炸弹	zhàdàn	6
炸药	zhàyào	6
点	diǎn	1
点击率	diǎnjīlǜ	7
点名	diǎn míng	4
点头	diǎn tóu	2
点子	diǎnzi	7
点心	diǎnxin	7
点火	diǎnhuǒ	7
点燃	diǎn rán	5
点缀	diǎnzhuì	7
点评	diǎnpíng	7
炼	liàn	7
烂	làn	5
烈士	lièshì	7
烘干	hōnggān	7
烘托	hōngtuō	7
烟	yān	3
烟囱	yāncōng	7
烟火	yānhuǒ	7
烟花	yānhuā	6
烤肉	kǎo ròu	5
烤鸭	kǎoyā	5
烦	fán	4
烦恼	fánnǎo	7
烦躁	fánzào	7
烦闷	fánmèn	7
烧	shāo	4
烧毁	shāohuǐ	7
烧烤	shāokǎo	7
烫	tàng	7
热	rè	1
热带	rèdài	7
热心	rèxīn	4
热情	rèqíng	2
热气	rèqì	7
热气球	rèqìqiú	7
热水	rèshuǐ	6
热水器	rèshuǐqì	6
热潮	rècháo	7
热点	rèdiǎn	6
热烈	rèliè	3
热爱	rè'ài	3
热线	rèxiàn	6
热腾腾	rèténgténg	7
热衷	rèzhōng	7
热量	rè liàng	5
热门	rèmén	5
热闹	rènao	4
烹调	pēngtiáo	7
焊	hàn	7
焕发	huànfā	7
焚烧	fénshāo	7
焦	jiāo	7
焦急	jiāojí	7
焦点	jiāodiǎn	6
焦虑	jiāolǜ	7
焦距	jiāojù	7
焦躁	jiāozào	7
焰火	yànhuǒ	7
然后	ránhòu	2
然而	rán'ér	4
煎	jiān	7
煤	méi	5
煤气	méi qì	5
煤炭	méitàn	7
煤矿	méikuàng	7
照	zhào	3
照例	zhàolì	7
照办	zhàobàn	7
照常	zhàocháng	7
照料	zhàoliào	7
照明	zhàomíng	7
照样	zhàoyàng	6
照片	zhàopiàn	2
照相	zhào xiàng	2
照耀	zhàoyào	6
照顾	zhàogù	2
煮	zhǔ	6
煲	bāo	7
煽动	shāndòng	7
熄火	xīhuǒ	7
熊	xióng	5
熏	xūn	7
熏陶	xūntáo	7
熙熙攘攘	xīxīrǎngrǎng	7
熟	shú	2
熟人	shú rén	3
熟悉	shúxī	5
熟练	shúliàn	4
熬	áo	6
熬夜	áoyè	7
燃放	ránfàng	7
燃料	rán liào	4
燃气	ránqì	7
燃油	rányóu	7
燃烧	ránshāo	4
燕子	yànzi	7
爆冷门	bàolěngmén	7
爆满	bàomǎn	7
爆竹	bàozhú	7
爬	pá	2
爬山	páshān	2
爱	ài	1
爱不释手	àibúshìshǒu	5
爱人	ài rén	2
爱国	ài guó	4
爱好	ài hào	1
爱心	àixīn	2
爱情	àiqíng	2
爱惜	àixī	6
爱戴	àidài	6
爱护	àihù	4
爱理不理	àilǐbùlǐ	7
爱面子	àimiànzi	7
爵士	juéshì	7
父亲	fùqīn	3
父女	fùnǚ	6
父子	fùzǐ	6
父母	fù mǔ	3
爷爷	yéye	1
爸爸	bàba	1
爹	diē	7
爽	shuǎng	6
爽快	shuǎngkuai	7
片	piàn	2
片子	piānzi	7
片段	piànduàn	7
片面	piànmiàn	4
版	bǎn	5
版本	bǎnběn	6
牌	pái	4
牌子	pái zi	3
牌照	páizhào	7
牙	yá	4
牙刷	yá shuā	4
牙膏	yágāo	7
牙齿	yáchǐ	7
牛	niú	3
牛仔裤	niúzǎikù	5
牛奶	niúnǎi	1
牡丹	mǔdān	7
牢	láo	6
牢固	láogù	7
牢牢	láoláo	7
牢记	láojì	7
牧场	mùchǎng	7
牧民	mùmín	7
物业	wùyè	5
物价	wù jià	5
物体	wùtǐ	7
物品	wùpǐn	6
物流	wùliú	7
物证	wùzhèng	7
物质	wùzhì	5
物资	wùzī	7
牲畜	shēngchù	7
牵	qiān	6
牵制	qiānzhì	7
牵头	qiāntóu	7
牵扯	qiānchě	7
牵挂	qiānguà	7
牵涉	qiānshè	7
特	tè	6
特产	tèchǎn	7
特价	tè jià	4
特例	tèlì	7
特别	tèbié	2
特制	tèzhì	7
特地	tèdì	6
特大	tèdà	6
特定	tèdìng	5
特征	tèzhēng	4
特快	tèkuài	6
特性	tè xìng	5
特意	tèyì	6
特有	tè yǒu	5
特权	tèquán	7
特殊	tèshū	4
特点	tèdiǎn	2
特色	tèsè	3
特质	tèzhì	7
特邀	tèyāo	7
特长	tècháng	7
牺牲	xīshēng	6
犯	fàn	6
犯愁	fànchóu	7
犯罪	fànzuì	6
犯规	fànguī	6
状况	zhuàngkuàng	3
状态	zhuàngtài	3
犹如	yóurú	7
犹豫	yóuyù	5
犹豫不决	yóuyùbùjué	7
狂	kuáng	5
狂欢	kuánghuān	7
狂欢节	kuánghuānjié	7
狂热	kuángrè	7
狗	gǒu	2
狠	hěn	6
狡猾	jiǎohuá	7
独	dú	7
独一无二	dúyīwú'èr	7
独唱	dúchàng	7
独家	dújiā	7
独特	dútè	4
独立	dúlì	4
独立自主	dúlìzìzhǔ	7
独自	dú zì	4
独身	dúshēn	7
狭小	xiáxiǎo	7
狭窄	xiázhǎi	7
狭隘	xiá'ài	7
狮子	shīzi	7
狼	láng	7
狼狈	lángbèi	7
猎人	lièrén	7
猎犬	lièquǎn	7
猖狂	chāngkuáng	7
猛	měng	6
猛烈	měngliè	7
猛然	měngrán	7
猜	cāi	5
猜想	cāixiǎng	7
猜测	cāicè	5
猜谜	cāimí	7
猩猩	xīngxing	7
猪	zhū	3
猫	māo	2
献	xiàn	5
献血	xiànxiě	7
猴	hóu	5
玄	xuán	7
玄机	xuánjī	7
率	lǜ	7
率先	shuài xiān	4
率领	shuàilǐng	5
玉	yù	4
玉米	yùmǐ	4
王	wáng	4
王后	wánghòu	6
王国	wángguó	7
王子	wángzǐ	6
王牌	wángpái	7
玩儿	wánr	1
玩具	wánjù	3
玩意儿	wányìr	7
玩耍	wánshuǎ	7
玫瑰	méigui	7
环	huán	3
环保	huán bǎo	3
环境	huánjìng	3
环球	huánqiú	7
环绕	huánrào	7
环节	huánjié	5
现代	xiàndài	3
现任	xiànrèn	7
现在	xiànzài	1
现场	xiànchǎng	3
现实	xiànshí	3
现成	xiànchéng	7
现有	xiàn yǒu	5
现状	xiànzhuàng	5
现行	xiànxíng	7
现象	xiànxiàng	3
现金	xiànjīn	3
玻璃	bōli	5
珍惜	zhēnxī	5
珍珠	zhēnzhū	5
珍藏	zhēncáng	7
珍视	zhēnshì	7
珍贵	zhēnguì	5
珍重	zhēnzhòng	7
珠宝	zhūbǎo	6
班	bǎn	1
班级	bān jí	3
班长	bān zhǎng	2
球	qiú	1
球员	qiúyuán	6
球场	qiú chǎng	2
球拍	qiúpāi	6
球星	qiúxīng	6
球迷	qiúmí	3
球队	qiú duì	2
球鞋	qiú xié	2
理	lǐ	6
理事	lǐshì	7
理会	lǐhuì	7
理发	lífà	3
理念	lǐniàn	7
理性	lǐxìng	7
理想	lǐxiǎng	2
理所当然	lǐsuǒdāngrán	7
理智	lǐzhì	6
理由	lǐyóu	3
理直气壮	lǐzhíqìzhuàng	7
理睬	lǐcǎi	7
理科	lǐkē	7
理解	lǐjiě	3
理论	lǐlùn	3
理财	lǐcái	6
琴	qín	5
瑞雪	ruìxuě	7
瑰宝	guībǎo	7
瓜	guā	4
瓜分	guāfēn	7
瓜子	guāzi	7
瓦	wǎ	7
瓶	píng	2
瓶子	píngzi	2
瓶颈	píngjǐng	7
瓷	cí	7
瓷器	cíqì	7
甘心	gānxīn	7
甚至	shènzhì	4
甚至于	shènzhìyú	7
甜	tián	3
甜头	tiántou	7
甜美	tiánměi	7
甜蜜	tiánmì	7
生	shēng	2
生产	shēngchǎn	3
生前	shēngqián	7
生动	shēngdòng	3
生命	shēngmìng	3
生命线	shēngmìngxiàn	7
生存	shēngcún	3
生平	shēngpíng	7
生态	shēngtài	7
生怕	shēngpà	7
生意	shēngyi	3
生成	shēng chéng	5
生效	shēngxiào	7
生日	shēngrì	1
生机	shēngjī	7
生死	shēngsǐ	7
生气	shēngqì	1
生活	shēnghuó	2
生活费	shēnghuófèi	6
生涯	shēngyá	7
生物	shēngwù	7
生理	shēnglǐ	7
生病	shēngbìng	1
生硬	shēngyìng	7
生育	shēngyù	7
生词	shēng cí	2
生长	shēngzhǎng	3
用	yòng	1
用不着	yòng bù zháo	5
用于	yòng yú	5
用人	yòngrén	7
用力	yònglì	7
用功	yònggōng	7
用品	yòngpǐn	6
用处	yòngchu	6
用得着	yòngdezháo	6
用心	yòngxīn	6
用意	yòngyì	7
用户	yònghù	5
用来	yòng lái	5
用法	yòngfǎ	6
用途	yòngtú	4
用餐	yòngcān	7
甩	shuǎi	7
田	tián	6
田径	tiánjìng	6
由	yóu	3
由于	yóuyú	3
由来	yóulái	7
由此	yóu cǐ	5
由此可见	yóucǐkějiàn	7
由此看来	yóucǐkànlái	7
由衷	yóuzhōng	7
甲	jiǎ	5
申办	shēnbàn	7
申报	shēnbào	7
申请	shēnqǐng	4
申领	shēnlǐng	7
电	diàn	1
电信	diànxìn	7
电力	diànlì	6
电动	diàndòng	6
电动车	diàn dòng chē	4
电台	diàntái	3
电器	diànqì	6
电子版	diàn zǐ bǎn	5
电子邮件	diànzǐyóujiàn	3
电影	diànyǐng	1
电影院	diàn yǐng yuàn	1
电报	diànbào	7
电梯	diàntī	4
电池	diànchí	5
电源	diànyuán	4
电灯	diàn dēng	4
电线	diànxiàn	7
电网	diànwǎng	7
电脑	diànnǎo	1
电视	diànshì	1
电视剧	diàn shì jù	3
电视台	diàn shì tái	3
电视机	diàn shì jī	1
电讯	diànxùn	7
电话	diàn huà	1
电车	diànchē	6
电铃	diànlíng	7
电饭锅	diàn fàn guō	5
男	nán	1
男人	nán ren	1
男士	nán shì	4
男女	nán nǚ	4
男子	nán zǐ	3
男孩儿	nán háir	1
男性	nán xìng	5
男朋友	nán péng yǒu	1
男生	nán shēng	1
画	huà	2
画儿	huàr	2
画册	huàcè	7
画家	huà jiā	2
画展	huàzhǎn	7
画蛇添足	huàshétiānzú	7
画面	huà miàn	5
画龙点睛	huàlóngdiǎnjīng	7
畅谈	chàngtán	7
畅通	chàngtōng	6
畅销	chàngxiāo	7
界	jiè	6
界定	jièdìng	7
界线	jièxiàn	7
界限	jièxiàn	7
畏惧	wèijù	7
畏缩	wèisuō	7
留	liú	2
留下	liú xià	2
留学	liúxué	3
留学生	liú xué shēng	2
留心	liúxīn	7
留念	liúniàn	7
留恋	liúliàn	7
留意	liúyì	7
留神	liúshén	7
留言	liúyán	6
略	luè	7
略微	lüèwēi	7
番	fān	6
番茄	fānqié	6
畸形	jīxíng	7
疏导	shūdǎo	7
疏忽	shūhu	7
疏散	shūsàn	7
疏通	shūtōng	7
疑惑	yíhuò	7
疑点	yídiǎn	7
疑虑	yílǜ	7
疑问	yíwèn	4
疗养	liáo yǎng	4
疗效	liáoxiào	7
疗法	liáofǎ	7
疤	bā	6
疫苗	yìmiáo	7
疯	fēng	5
疯子	fēngzi	7
疯狂	fēngkuáng	5
疲倦	píjuàn	7
疲劳	píláo	7
疲惫	píbèi	7
疲惫不堪	píbèibùkān	7
疼	téng	2
疼痛	téngtòng	6
疾病	jíbìng	6
病	bìng	1
病人	bìng rén	1
病床	bìngchuáng	7
病情	bìngqíng	6
病房	bìngfáng	6
病毒	bìngdú	5
病症	bìngzhèng	7
症状	zhèngzhuàng	6
症结	zhēngjié	7
痒	yǎng	7
痕迹	hénjì	7
痛	tòng	3
痛心	tòngxīn	7
痛快	tòngkuài	4
痛苦	tòngkǔ	3
痰	tán	7
痴呆	chīdāi	7
痴心	chīxīn	7
痴迷	chīmí	7
瘟疫	wēnyì	7
瘦	shòu	5
瘫	tān	7
瘫痪	tānhuàn	7
瘾	yǐn	7
癌	ái	7
癌症	áizhèng	7
登	dēng	4
登山	dēng shān	4
登录	dēnglù	4
登机	dēngjī	7
登记	dēngjì	4
登陆	dēnglù	7
白	bái	1
白天	bái tiān	1
白白	báibái	7
白色	bái sè	2
白菜	bái cài	3
白酒	bái jiǔ	5
百	bǎi	1
百分比	bǎifēnbǐ	7
百合	bǎihé	7
百科全书	bǎikēquánshū	7
百货	bǎi huò	4
的	de	1
的确	díquè	4
的话	de huà	2
皆	jiē	7
皇上	huángshang	7
皇后	huánghòu	7
皇室	huángshì	7
皇宫	huánggōng	7
皇帝	huángdì	6
皮	pí	3
皮包	pí bāo	3
皮带	pídài	7
皮球	píqiú	6
皮肤	pífū	5
皮鞋	píxié	5
皱	zhòu	7
盆	pén	5
盈利	yínglì	7
益处	yìchù	7
盏	zhǎn	7
盐	yán	4
监察	jiānchá	7
监护	jiānhù	7
监控	jiānkòng	7
监测	jiāncè	6
监狱	jiānyù	7
监督	jiāndū	6
监管	jiānguǎn	7
监视	jiānshì	7
盒	hé	5
盒子	hézi	5
盒饭	hé fàn	5
盖	gài	4
盖子	gàizi	7
盗	dào	7
盗版	dàobǎn	6
盗窃	dàoqiè	7
盘	pán	4
盘子	pánzi	4
盘算	pánsuan	7
盛	chéng	7
盛会	shènghuì	7
盛大	shèngdà	7
盛开	shèngkāi	7
盛气凌人	shèngqìlíngrén	7
盛行	shèngxíng	6
盟友	méngyǒu	7
目不转睛	mùbùzhuǎnjīng	7
目中无人	mùzhōngwúrén	7
目光	mùguāng	5
目前	mùqián	3
目录	mùlù	7
目标	mùbiāo	3
目的	mùdì	2
目的地	mùdìdì	7
目睹	mùdǔ	7
目瞪口呆	mùdèngkǒudāi	7
盯	dīng	7
盲人	mángrén	6
盲目	mángmù	7
直	zhí	3
直到	zhí dào	3
直升机	zhíshēngjī	6
直奔	zhíbèn	7
直径	zhíjìng	7
直接	zhíjiē	2
直播	zhíbō	3
直线	zhí xiàn	5
直至	zhízhì	7
直观	zhíguān	7
直视	zhíshì	7
直觉	zhíjué	7
直达	zhídá	7
相互	xiāng hù	3
相传	xiāngchuán	7
相伴	xiāngbàn	7
相似	xiāngsì	3
相依为命	xiāngyīwéimìng	7
相信	xiāngxìn	2
相关	xiāngguān	3
相反	xiāngfǎn	4
相同	xiāngtóng	2
相声	xiàngsheng	5
相处	xiāngchǔ	4
相对	xiāngduì	7
相对而言	xiāngduì'éryán	7
相差	xiāngchà	7
相应	xiāngyìng	5
相当	xiāngdāng	3
相当于	xiāngdāngyú	7
相提并论	xiāngtíbìnglùn	7
相机	xiàng jī	2
相比	xiāng bǐ	3
相比之下	xiāngbǐzhīxià	7
相片	xiàng piàn	4
相等	xiāngděng	5
相约	xiāngyuē	7
相继	xiāngjì	7
相识	xiāngshí	7
相辅相成	xiāngfǔxiāngchéng	7
相连	xiānglián	7
相通	xiāngtōng	7
相遇	xiāngyù	7
盼	pàn	7
盼望	pànwàng	6
省	shěng	2
省事	shěngshì	7
省略	shěnglüè	7
省钱	shěngqián	6
眉开眼笑	méikāiyǎnxiào	7
眉毛	méimao	7
看	kàn	1
看上去	kàn shàng qù	3
看不起	kànbuqǐ	4
看中	kànzhòng	7
看似	kànsì	7
看作	kànzuò	6
看出	kàn chū	5
看到	kàn dào	1
看台	kàntái	7
看好	kànhǎo	6
看待	kàndài	5
看得出	kàndechū	7
看得见	kàndejiàn	6
看得起	kàndeqǐ	6
看成	kàn chéng	5
看护	kānhù	7
看望	kànwàng	4
看来	kàn lái	4
看样子	kànyàngzi	7
看法	kànfǎ	2
看热闹	kànrènao	7
看病	kàn bìng	1
看管	kānguǎn	6
看见	kànjiàn	1
看起来	kàn qǐ lái	3
看重	kànzhòng	7
真	zhēn	1
真假	zhēnjiǎ	7
真实	zhēnshí	3
真心	zhēnxīn	7
真情	zhēnqíng	7
真挚	zhēnzhì	7
真是的	zhēnshide	7
真正	zhēnzhèng	2
真理	zhēnlǐ	5
真的	zhēn de	1
真相	zhēnxiàng	5
真空	zhēnkōng	7
真诚	zhēn chéng	5
眨眼	zhǎyǎn	7
眼	yǎn	2
眼下	yǎnxià	7
眼光	yǎnguāng	5
眼前	yǎn qián	3
眼泪	yǎn lèi	4
眼界	yǎnjiè	7
眼看	yǎnkàn	6
眼睛	yǎnjing	2
眼神	yǎnshén	7
眼红	yǎnhóng	7
眼色	yǎnsè	7
眼里	yǎn lǐ	4
眼镜	yǎnjìng	4
着	zhe	1
着急	zháojí	4
着火	zháohuǒ	4
着迷	zháomí	7
睁	zhēng	7
睡	shuì	1
睡眠	shuì mián	5
睡着	shuì zháo	4
睡袋	shuìdài	7
睡觉	shuìjiào	1
督促	dūcù	7
瞄准	miáozhǔn	7
瞎	xiā	7
瞒	mán	7
瞧	qiáo	5
瞧不起	qiáobuqǐ	7
瞩目	zhǔmù	7
瞪	dèng	7
瞬间	shùnjiān	7
瞻仰	zhānyǎng	7
矛头	máotóu	7
矛盾	máodùn	5
矣	yǐ	7
知名	zhīmíng	6
知己	zhījǐ	7
知觉	zhījué	7
知识	zhīshi	1
知识分子	zhīshifènzǐ	7
知足	zhīzú	7
知道	zhīdào	1
矫正	jiǎozhèng	7
短	duǎn	2
短信	duǎnxìn	2
短处	duǎn chù	3
短暂	duǎnzàn	7
短期	duǎn qī	3
短片	duǎnpiàn	6
短缺	duǎnquē	7
短裤	duǎn kù	3
矮	ǎi	4
矮小	ǎi xiǎo	4
石头	shítou	3
石油	shíyóu	3
矿	kuàng	6
矿泉水	kuàngquánshuǐ	4
矿藏	kuàngcáng	7
码	mǎ	7
码头	mǎtóu	5
砂糖	shātáng	7
砍	kǎn	7
研制	yán zhì	4
研发	yánfā	6
研究	yánjiū	4
研究所	yán jiū suǒ	5
研究生	yán jiū shēng	4
研讨	yántǎo	7
破	pò	3
破产	pòchǎn	4
破坏	pòhuài	3
破旧	pòjiù	7
破案	pò'àn	7
破灭	pòmiè	7
破碎	pòsuì	7
破裂	pòliè	7
破解	pòjiě	7
破除	pòchú	7
砸	zá	7
硕士	shuòshì	5
硕果	shuòguǒ	7
硬	yìng	5
硬件	yìngjiàn	5
硬币	yìngbì	7
硬朗	yìnglang	7
硬盘	yìngpán	7
确保	quèbǎo	3
确信	quèxìn	7
确凿	quèzáo	7
确切	quèqiè	7
确定	quèdìng	3
确实	quèshí	3
确立	quèlì	5
确认	quèrèn	4
确诊	quèzhěn	7
碍事	àishì	7
碎	suì	5
碑	bēi	7
碗	wǎn	2
碧绿	bìlǜ	7
碰	pèng	2
碰上	pèngshang	7
碰到	pèng dào	2
碰巧	pèngqiǎo	7
碰撞	pèngzhuàng	7
碰见	pèng jiàn	2
碰钉子	pèngdīngzi	7
碳	tàn	7
磁卡	cíkǎ	7
磁带	cídài	7
磁盘	cípán	7
磅	bàng	6
磋商	cuōshāng	7
磨	mó	6
磨合	móhé	7
磨损	mósǔn	7
磨难	mónàn	7
礁石	jiāoshí	7
示威	shìwēi	7
示意	shìyì	7
示范	shìfàn	5
礼	lǐ	5
礼仪	lǐyí	7
礼品	lǐpǐn	7
礼堂	lǐtáng	6
礼拜	lǐ bài	5
礼服	lǐfú	7
礼物	lǐwù	2
礼貌	lǐmào	5
社	shè	5
社交	shèjiāo	7
社会	shèhuì	3
社会主义	shèhuìzhǔyì	7
社区	shèqū	5
社团	shètuán	7
社论	shèlùn	7
祈祷	qídǎo	7
祖国	zǔguó	6
祖母	zǔmǔ	6
祖父	zǔfù	6
祝	zhù	3
祝愿	zhùyuàn	6
祝福	zhùfú	4
祝贺	zhùhè	5
神	shén	5
神仙	shénxiān	7
神圣	shénshèng	7
神奇	shénqí	5
神态	shéntài	7
神情	shén qíng	5
神气	shénqì	7
神秘	shénmì	4
神经	shénjīng	5
神话	shénhuà	4
祥和	xiánghé	7
票	piào	1
票价	piào jià	3
票房	piàofáng	7
祭	jì	7
祭奠	jìdiàn	7
祭祀	jìsì	7
祸害	huòhài	7
禁不住	jīnbuzhù	7
禁区	jìnqū	7
禁忌	jìnjì	7
禁止	jìnzhǐ	4
禅杖	chánzhàng	7
福	fú	3
福利	fúlì	5
福气	fúqì	7
离	lí	2
离不开	lí bù kāi	4
离奇	líqí	7
离婚	líhūn	3
离开	líkāi	2
离职	lízhí	7
离谱儿	lípǔr	7
禾苗	hémiáo	7
秀丽	xiùlì	7
秀美	xiùměi	7
私下	sīxià	7
私事	sīshì	7
私人	sīrén	5
私家车	sījiāchē	7
私房钱	sīfángqián	7
私有	sīyǒu	7
私立	sīlì	7
私自	sīzì	7
私营	sīyíng	7
秃	tū	7
秉承	bǐngchéng	7
秋天	qiū tiān	2
秋季	qiū jì	4
种	zhǒng	3
种子	zhǒngzi	3
种族	zhǒngzú	7
种植	zhòngzhí	4
种种	zhǒngzhǒng	6
种类	zhōnglèi	4
科	kē	2
科学	kēxué	2
科技	kē jì	3
科研	kēyán	6
秒	miǎo	5
秘书	mìshū	4
秘密	mìmì	4
秘方	mìfāng	7
秘诀	mìjué	7
租	zū	2
租金	zūjīn	6
秤	chèng	7
秧歌	yāngge	7
秩序	zhìxù	7
积	jī	7
积极	jījí	3
积淀	jīdiàn	7
积累	jīlěi	4
积蓄	jīxù	7
称	chēng	2
称为	chéng wéi	3
称作	chēngzuò	7
称号	chēnghào	5
称呼	chēnghu	7
称赞	chēngzàn	4
移	yí	4
移交	yíjiāo	7
移动	yídòng	4
移植	yízhí	7
移民	yímín	4
稀	xī	7
稀奇	xīqí	7
稀少	xīshǎo	7
稀罕	xīhan	7
程序	chéngxù	4
程度	chéngdù	3
稍	shāo	5
稍候	shāohòu	7
稍后	shāohòu	7
稍微	shāowēi	5
稍稍	shāoshāo	7
税	shuì	6
税务	shuìwù	7
税收	shuìshōu	7
稠	chóu	7
稠密	chóumì	7
稳	wěn	4
稳健	wěnjiàn	7
稳固	wěngù	7
稳妥	wěntuǒ	7
稳定	wěndìng	4
稳重	wěnzhòng	7
稻草	dàocǎo	7
稿子	gǎozi	6
穆斯林	mùsīlín	7
穴位	xuéwèi	7
究竟	jiūjìng	4
穷	qióng	4
穷人	qióng rén	4
空	kōng	3
空中	kōng zhōng	5
空儿	kòngr	3
空军	kōngjūn	6
空前	kōngqián	7
空地	kòngdì	7
空想	kōngxiǎng	7
空气	kōngqì	2
空白	kòngbái	7
空荡荡	kōngdàngdàng	7
空虚	kōngxū	7
空调	kōngtiáo	3
空间	kōngjiān	4
空隙	kòngxì	7
空难	kōngnàn	7
穿	chuān	1
穿上	chuān shàng	4
穿小鞋	chuānxiǎoxié	7
穿着	chuānzhuó	7
穿越	chuānyuè	7
穿过	chuānguò	7
突出	tūchū	3
突击	tūjī	7
突发	tūfā	7
突如其来	tūrúqílái	7
突然	tūrán	3
突破	tūpò	5
突破口	tūpòkǒu	7
窃取	qièqǔ	7
窄	zhǎi	7
窍门	qiàomén	7
窑	yáo	7
窒息	zhìxī	7
窗口	chuāngkǒu	6
窗台	chuāng tái	4
窗子	chuāng zi	4
窗帘	chuānglián	5
窗户	chuānghu	4
窘迫	jiǒngpò	7
窜	cuàn	7
窝	wō	7
窟窿	kūlong	7
立	lì	5
立交桥	lìjiāoqiáo	7
立体	lìtǐ	7
立刻	lìkè	3
立功	lìgōng	7
立即	lìjí	4
立场	lìchǎng	5
立方	lìfāng	7
立方米	lìfāngmǐ	7
立足	lìzú	7
竖	shù	7
站	zhàn	1
站住	zhàn zhù	2
站台	zhàntái	6
站立	zhànlì	7
竞争	jìngzhēng	5
竞技	jìngjì	7
竞相	jìngxiāng	7
竞赛	jìngsài	5
竞选	jìngxuǎn	7
竟	jìng	7
竟敢	jìnggǎn	7
竟然	jìngrán	4
章	zhāng	6
竣工	jùngōng	7
童年	tóng nián	4
童话	tónghuà	4
竭力	jiélì	7
竭尽全力	jiéjìnquánlì	7
端	duān	6
端午节	duānwǔjié	6
端正	duānzhèng	7
竹子	zhúzi	5
竹竿	zhúgān	7
笑	xiào	1
笑声	xiàoshēng	6
笑容	xiàoróng	6
笑脸	xiàoliǎn	6
笑话	xiàohua	2
笑话儿	xiào huàr	2
笔	bǐ	2
笔记	bǐ jì	2
笔记本	bǐjìběn	2
笛子	dízi	7
符号	fúhào	4
符合	fúhé	4
笨	bèn	4
笨蛋	bèndàn	7
笨重	bènzhòng	7
第	dì	1
第一手	dìyīshǒu	7
第一线	dìyīxiàn	7
笼子	lóngzi	7
笼统	lǒngtǒng	7
笼罩	lǒngzhào	7
等	děng	1
等于	děngyú	2
等候	děnghòu	5
等到	děng dào	2
等待	děngdài	3
等级	děngjí	5
筋	jīn	7
筐	kuāng	7
筒	tǒng	7
答	dá	5
答复	dáfù	5
答应	dāying	2
答案	dá'àn	4
答辩	dábiàn	7
策划	cèhuà	6
策略	cèlüè	6
筛	shāi	7
筛选	shāixuǎn	7
筷子	kuàizi	2
筹	chóu	7
筹划	chóuhuà	7
筹办	chóubàn	7
筹备	chóubèi	7
筹措	chóucuò	7
筹码	chóumǎ	7
筹集	chóují	7
签	qiān	5
签名	qiān míng	5
签字	qiān zì	5
签约	qiān yuē	5
签署	qiānshǔ	7
签订	qiān dìng	5
签证	qiānzhèng	5
简介	jiǎnjiè	6
简体字	jiǎntǐzì	7
简化	jiǎnhuà	7
简单	jiǎndān	3
简历	jiǎnlì	4
简易	jiǎnyì	7
简洁	jiǎnjié	7
简直	jiǎnzhí	3
简短	jiǎnduǎn	7
简称	jiǎnchēng	7
简要	jiǎnyào	7
简陋	jiǎnlòu	7
算	suàn	2
算了	suànle	6
算是	suànshì	6
算盘	suànpán	7
算计	suànji	7
算账	suànzhàng	7
管	guǎn	3
管子	guǎnzi	7
管家	guǎnjiā	7
管教	guǎnjiào	7
管理	guǎnlǐ	3
管理费	guǎnlǐfèi	7
管用	guǎnyòng	7
管辖	guǎnxiá	7
管道	guǎndào	6
箭	jiàn	6
箱	xiāng	4
箱子	xiāng zi	4
篇	piān	2
篇幅	piānfú	7
篮球	lán qiú	2
簇拥	cùyōng	7
米	mǐ	2
米饭	mǐfàn	1
类	lèi	3
类似	lèisì	3
类别	lèibié	7
类型	lèixíng	4
粉	fěn	7
粉丝	fěnsī	7
粉碎	fěnsuì	7
粒	lì	7
粗	cū	4
粗心	cūxīn	4
粗心大意	cūxīndàyì	7
粗暴	cūbào	7
粗略	cūlüè	7
粗糙	cūcāo	7
粗鲁	cūlǔ	7
粘	zhān	7
粥	zhōu	6
粪	fèn	7
粪便	fènbiàn	7
粮食	liángshi	4
精	jīng	6
精力	jīnglì	4
精华	jīnghuá	7
精品	jīngpǐn	6
精妙	jīngmiào	7
精彩	jīngcǎi	3
精心	jīngxīn	7
精打细算	jīngdǎxìsuàn	7
精明	jīngmíng	7
精疲力竭	jīngpílìjié	7
精益求精	jīngyìqiújīng	7
精确	jīngquè	7
精神	jīngshén	3
精神病	jīngshénbìng	7
精简	jīngjiǎn	7
精练	jīngliàn	7
精细	jīngxì	7
精美	jīngměi	6
精致	jīngzhì	7
精英	jīngyīng	7
精通	jīngtōng	7
精髓	jīngsuǐ	7
糊	hú	7
糊涂	hútu	7
糖	táng	3
糖尿病	tángniàobìng	7
糖果	tángguǒ	7
糟	zāo	5
糟糕	zāogāo	5
系	xì	3
系列	xìliè	4
系统	xìtǒng	4
紊乱	wěnluàn	7
素	sù	7
素不相识	sùbùxiāngshí	7
素养	sùyǎng	7
素描	sùmiáo	7
素材	sùcái	7
素质	sùzhì	6
素食	sùshí	7
索取	suǒqǔ	7
索性	suǒxìng	7
索赔	suǒpéi	7
紧	jǐn	3
紧凑	jǐncòu	7
紧密	jǐn mì	4
紧张	jǐnzhāng	3
紧急	jǐnjí	3
紧接着	jǐnjiēzhe	7
紧紧	jǐn jǐn	5
紧缩	jǐnsuō	7
紧缺	jǐnquē	7
紧迫	jǐnpò	7
紫	zǐ	5
累	lèi	1
累积	lěijī	7
累计	lěijì	7
絮叨	xùdao	7
繁体字	fántǐzì	7
繁华	fánhuá	7
繁忙	fánmáng	7
繁殖	fánzhí	6
繁荣	fánróng	5
繁重	fánzhòng	7
纠正	jiūzhèng	6
纠纷	jiūfēn	6
纠缠	jiūchán	7
红	hóng	2
红包	hóng bāo	4
红扑扑	hóngpūpū	7
红润	hóngrùn	7
红火	hónghuo	7
红灯	hóngdēng	7
红眼	hóngyǎn	7
红色	hóng sè	2
红茶	hóng chá	3
红薯	hóngshǔ	7
红酒	hóng jiǔ	3
纤维	xiānwéi	7
约	yuē	3
约会	yuēhuì	4
约定	yuēdìng	6
约定俗成	yuēdìngsúchéng	7
约束	yuēshù	5
级	jí	2
级别	jíbié	7
纪实	jìshí	7
纪录	jìlù	3
纪录片	jìlùpiàn	7
纪律	jìlǜ	4
纪念	jìniàn	3
纪念日	jìniànrì	7
纪念碑	jìniànbēi	7
纪念馆	jìniànguǎn	7
纬度	wěidù	7
纯	chún	4
纯净水	chún jìng shuǐ	4
纯朴	chúnpǔ	7
纯洁	chúnjié	7
纯粹	chúncuì	7
纱	shā	7
纲要	gāngyào	7
纲领	gānglǐng	7
纳入	nàrù	7
纳税	nàshuì	7
纳税人	nàshuìrén	7
纳闷儿	nàmènr	7
纷纷	fēnfēn	4
纸	zhǐ	2
纺织	fǎngzhī	7
纽带	niǔdài	7
纽扣	niǔkòu	7
线	xiàn	3
线条	xiàntiáo	7
线索	xiànsuǒ	5
线路	xiànlù	6
练	liàn	2
练习	liànxí	2
组	zǔ	2
组合	zǔhé	3
组成	zǔchéng	2
组织	zǔzhī	5
组长	zǔ zhǎng	2
绅士	shēnshì	7
细	xì	4
细微	xìwēi	7
细心	xìxīn	7
细胞	xìbāo	6
细腻	xìnì	7
细致	xìzhì	4
细节	xìjié	4
细菌	xìjūn	6
织	zhī	6
终于	zhōngyú	3
终止	zhōngzhǐ	5
终点	zhōngdiǎn	5
终生	zhōngshēng	7
终究	zhōngjiū	7
终结	zhōngjié	7
终身	zhōngshēn	5
经	jīng	7
经久不息	jīngjiǔbùxī	7
经典	jīngdiǎn	4
经历	jīnglì	3
经受	jīngshòu	7
经商	jīngshāng	7
经常	jīngcháng	2
经度	jīngdù	7
经济	jīngjì	3
经理	jīnglǐ	2
经营	jīngyíng	3
经贸	jīngmào	7
经费	jīngfèi	5
经过	jīngguò	2
经验	jīngyàn	3
绑	bǎng	7
绑架	bǎngjià	6
结	jié	4
结冰	jiébīng	7
结合	jiéhé	3
结婚	jiéhūn	3
结实	jiēshi	3
结尾	jiéwěi	7
结局	jiéjú	7
结晶	jiéjīng	7
结束	jiéshù	3
结构	jiégòu	4
结果	jiéguǒ	2
结论	jiélùn	4
结识	jiéshí	7
绕	rào	5
绕行	ràoxíng	7
绘声绘色	huìshēnghuìsè	7
绘画	huìhuà	6
给	gěi	1
给予	jǐyǔ	6
络绎不绝	luòyìbùjué	7
绝	jué	6
绝大多数	juédàduōshù	6
绝对	juéduì	3
绝技	juéjì	7
绝招	juézhāo	7
绝望	juéwàng	5
绝缘	juéyuán	7
绞	jiǎo	7
统一	tǒngyī	4
统治	tǒngzhì	7
统筹	tǒngchóu	7
统统	tǒngtōng	7
统计	tǒngjì	4
绣	xiù	7
继	jì	7
继承	jìchéng	5
继母	jìmǔ	7
继父	jìfù	7
继续	jìxù	3
继而	jì'ér	7
续	xù	7
绯闻	fēiwén	7
绰号	chuòhào	7
绳子	shéngzi	7
维修	wéixiū	4
维护	wéihù	4
维持	wéichí	4
维生素	wéishēngsù	6
绷	bēng	7
绷带	bēngdài	7
综合	zōnghé	4
绽放	zhànfàng	7
绿	lǜ	2
绿化	lǜhuà	6
绿地	lǜdì	7
绿灯	lǜdēng	7
绿色	lǜ sè	2
绿茶	lǜ chá	3
缅怀	miǎnhuái	7
缆车	lǎnchē	7
缓	huǎn	7
缓和	huǎnhé	7
缓慢	huǎnmàn	7
缓缓	huǎnhuǎn	7
缓解	huǎnjiě	4
缕	lǚ	7
编	biān	4
编写	biānxiě	7
编剧	biānjù	7
编号	biānhào	7
编排	biānpái	7
编辑	biānjí	5
编造	biānzào	7
缘分	yuánfèn	7
缘故	yuángù	6
缝	fèng	7
缝合	fénghé	7
缠	chán	7
缤纷	bīnfēn	7
缩	suō	7
缩小	suō xiǎo	4
缩影	suōyǐng	7
缩水	suōshuǐ	7
缩短	suōduǎn	4
缴	jiǎo	7
缴纳	jiǎonà	7
缴费	jiǎofèi	7
缸	gāng	7
缺	quē	3
缺乏	quēfá	5
缺口	quēkǒu	7
缺失	quēshī	7
缺少	quēshǎo	3
缺席	quēxí	7
缺点	quēdiǎn	3
缺陷	quēxiàn	6
罐	guàn	7
罐头	guàntou	7
网	wǎng	2
网上	wǎng shàng	1
网友	wǎng yǒu	1
网吧	wǎngbā	6
网址	wǎng zhǐ	4
网民	wǎngmín	7
网点	wǎngdiǎn	7
网球	wǎngqiú	2
网站	wǎngzhàn	2
网络	wǎngluò	4
网页	wǎngyè	6
罕见	hǎnjiàn	7
罗	luó	7
罚	fá	5
罚款	fákuǎn	5
罢休	bàxiū	7
罢免	bàmiǎn	7
罢工	bàgōng	6
罩	zhào	7
罪	zuì	6
罪恶	zuì'è	6
置	zhì	7
羊	yáng	3
美	měi	3
美中不足	měizhōngbùzú	7
美丽	měilì	3
美人	měirén	7
美元	měi yuán	3
美化	měihuà	7
美味	měiwèi	7
美女	měi nǚ	4
美好	měi hǎo	3
美妙	měimiào	7
美容	měiróng	6
美德	měidé	7
美景	měijǐng	7
美术	měishù	3
美滋滋	měizīzī	7
美满	měimǎn	7
美观	měiguān	7
美金	měi jīn	4
美食	měi shí	3
羞愧	xiūkuì	7
羡慕	xiànmù	7
群	qún	3
群众	qúnzhòng	5
群体	qún tǐ	5
羽毛球	yǔmáoqiú	5
羽绒服	yǔróngfú	5
翅膀	chìbǎng	7
翘	qiào	7
翠绿	cuìlǜ	7
翻	fān	4
翻天覆地	fāntiānfùdì	7
翻来覆去	fānláifùqù	7
翻番	fānfān	7
翻译	fānyì	4
耀眼	yàoyǎn	7
老	lǎo	1
老乡	lǎoxiāng	6
老人	lǎo rén	1
老人家	lǎorénjiā	7
老伴儿	lǎobànr	7
老公	lǎo gōng	4
老化	lǎohuà	7
老大	lǎodà	7
老太太	lǎo tài tai	3
老头儿	lǎo tóur	3
老婆	lǎopó	4
老字号	lǎozìhào	7
老实	lǎoshi	4
老实说	lǎoshíshuō	7
老家	lǎo jiā	4
老师	lǎoshī	1
老年	lǎo nián	2
老是	lǎo shì	2
老朋友	lǎo péng yǒu	2
老板	lǎobǎn	3
老汉	lǎohàn	7
老百姓	lǎobǎixìng	3
老远	lǎoyuǎn	7
考	kǎo	1
考场	kǎochǎng	6
考察	kǎochá	4
考核	kǎohé	5
考生	kǎo shēng	2
考虑	kǎolǜ	4
考试	kǎoshì	1
考题	kǎotí	6
考验	kǎoyàn	3
者	zhě	3
而	ér	4
而且	ér qiě	2
而已	éryǐ	7
而是	ér shì	4
耍	shuǎ	7
耍赖	shuǎlài	7
耐	nài	7
耐人寻味	nàirénxúnwèi	7
耐心	nàixīn	5
耐性	nàixìng	7
耕地	gēngdì	7
耗	hào	7
耗时	hàoshí	7
耗费	hàofèi	7
耳光	ěrguāng	7
耳朵	ěrduo	5
耳机	ěr jī	4
耳熟能详	ěrshúnéngxiáng	7
耳目一新	ěrmùyīxīn	7
耳闻目睹	ěrwénmùdǔ	7
耸立	sǒnglì	7
耻笑	chǐxiào	7
耻辱	chǐrǔ	7
耽搁	dānge	7
耽误	dānwu	7
耿直	gěngzhí	7
聊	liáo	6
聊天儿	liáotiānr	6
聋	lóng	7
聋人	lóngrén	7
职业	zhíyè	3
职业病	zhíyèbìng	7
职位	zhíwèi	5
职务	zhíwù	5
职员	zhíyuán	7
职工	zhí gōng	3
职权	zhíquán	7
职能	zhínéng	5
职责	zhízé	6
联合	liánhé	3
联合国	lián hé guó	3
联想	liánxiǎng	5
联手	liánshǒu	6
联欢	liánhuān	7
联盟	liánméng	6
联系	liánxì	3
联络	liánluò	5
联网	liánwǎng	7
联赛	liánsài	6
联邦	liánbāng	7
聘	pìn	7
聘任	pìnrèn	7
聘用	pìnyòng	7
聘请	pìnqǐng	6
聚	jù	4
聚会	jùhuì	4
聚精会神	jùjīnghuìshén	7
聚集	jùjí	7
聪明	cōngming	5
肇事	zhàoshì	7
肉	ròu	1
肌肉	jīròu	5
肌肤	jīfū	7
肖像	xiàoxiàng	7
肚子	dùzi	4
肝	gān	6
肝脏	gānzàng	7
肠	cháng	5
股	gǔ	6
股东	gǔdōng	6
股份	gǔfèn	7
股市	gǔshì	7
股民	gǔmín	7
股票	gǔpiào	6
肢体	zhītǐ	7
肥	féi	4
肥料	féiliào	7
肥沃	féiwò	7
肥皂	féizào	7
肥胖	féipàng	7
肩	jiān	5
肩膀	jiānbǎng	7
肩负	jiānfù	7
肯	kěn	6
肯定	kěndìng	5
肺	fèi	6
肾	shèn	7
肿	zhǒng	6
肿瘤	zhōngliú	7
胀	zhàng	7
胃	wèi	5
胃口	wèikǒu	7
胆	dǎn	5
胆子	dǎnzi	7
胆小	dǎn xiǎo	5
胆怯	dǎnqiè	7
背	bēi	2
背包	bēi bāo	5
背叛	bèipàn	7
背后	bèi hòu	3
背景	bèijǐng	4
背诵	bèisòng	7
背面	bèimiàn	7
胎	tāi	7
胎儿	tāi'ér	7
胖	pàng	3
胖子	pàng zi	4
胚胎	pēitāi	7
胜	shèng	3
胜任	shèngrèn	7
胜出	shèngchū	7
胜利	shènglì	3
胜负	shèngfù	5
胡同儿	hú tòngr	5
胡子	hú zi	5
胡思乱想	húsīluànxiǎng	7
胡说	húshuō	7
胡闹	húnào	7
胳膊	gēbo	7
胶囊	jiāonáng	7
胶带	jiāo dài	5
胶水	jiāoshuǐ	5
胶片	jiāopiàn	7
胸有成竹	xiōngyǒuchéngzhú	7
胸膛	xiōngtáng	7
胸部	xiōng bù	4
能	néng	1
能不能	néng bù néng	3
能人	néngrén	7
能力	néngli	3
能否	néngfǒu	6
能够	néng gòu	2
能干	nénggàn	4
能源	néngyuán	7
能耐	néngnai	7
能耗	nénghào	7
能量	néngliàng	5
脂肪	zhīfáng	7
脆	cuì	5
脆弱	cuìruò	7
脉搏	màibó	7
脉络	màiluò	7
脊梁	jǐliáng	7
脏	zāng	2
脑子	nǎo zi	5
脑海	nǎohǎi	7
脑筋	nǎojīn	7
脑袋	nǎodai	4
脖子	bózi	7
脚	jiǎo	2
脚印	jiǎoyìn	6
脚步	jiǎo bù	5
脱	tuō	4
脱口而出	tuōkǒu'érchū	7
脱离	tuōlí	5
脱节	tuōjié	7
脱落	tuōluò	7
脱身	tuōshēn	7
脱颖而出	tuōyǐng'érchū	7
脸	liǎn	2
脸盆	liǎn pén	5
脸色	liǎn sè	5
脸颊	liǎnjiá	7
脾	pí	7
脾气	píqi	5
腊月	làyuè	7
腐化	fǔhuà	7
腐朽	fǔxiǔ	7
腐烂	fǔlàn	7
腐蚀	fǔshí	7
腐败	fǔbài	7
腔	qiāng	7
腥	xīng	7
腰	yāo	4
腹泻	fùxiè	7
腹部	fùbù	7
腺	xiàn	7
腾	téng	7
腿	tuǐ	2
膜	mó	6
膝盖	xīgài	7
膨胀	péngzhàng	7
膳食	shànshí	7
自	zì	4
自主	zìzhǔ	3
自从	zìcóng	3
自信	zìxìn	4
自动	zìdòng	3
自在	zìzài	6
自学	zìxué	6
自己	zìjǐ	2
自愿	zìyuàn	5
自我	zìwǒ	6
自杀	zì shā	5
自来水	zìláishuǐ	6
自然	zìrán	3
自由	zìyóu	2
自行车	zìxíngchē	2
自觉	zìjué	3
自言自语	zìyánzìyǔ	6
自豪	zìháo	5
自身	zì shēn	3
臭	chòu	5
至	zhì	5
至于	zhìyú	6
至今	zhìjīn	3
至关重要	zhìguānzhòngyào	7
至少	zhìshǎo	3
至此	zhìcǐ	7
致	zhì	7
致使	zhìshǐ	7
致力于	zhìlìyú	7
致命	zhìmìng	7
致富	zhìfù	7
致敬	zhìjìng	7
致辞	zhìcí	7
舅舅	jiùjiu	7
舆论	yúlùn	7
舌头	shétou	6
舍不得	shěbude	5
舍得	shě de	5
舒服	shūfu	2
舒畅	shūchàng	7
舒适	shūshì	4
舔	tiǎn	7
舞	wǔ	5
舞厅	wǔtīng	7
舞台	wǔ tái	3
舞蹈	wǔdǎo	6
航天	hángtiān	7
航天员	hángtiānyuán	7
航海	hánghǎi	7
航班	hángbān	4
航空	hángkōng	4
航行	hángxíng	7
航运	hángyùn	7
舱	cāng	7
舵手	duòshǒu	7
船	chuán	2
船只	chuánzhī	6
船员	chuányuán	6
船桨	chuánjiǎng	7
船舶	chuánbó	7
船长	chuánzhǎng	6
艘	sōu	7
良	liáng	7
良好	liánghǎo	4
良心	liángxīn	7
良性	liángxìng	7
艰巨	jiānjù	7
艰苦	jiānkǔ	5
艰苦奋斗	jiānkǔfèndòu	7
艰辛	jiānxīn	7
艰险	jiānxiǎn	7
艰难	jiānnán	5
色	sè	4
色彩	sècǎi	4
艳丽	yànlì	7
艺人	yìrén	6
艺术	yìshù	3
艾滋病	àizībìng	7
节	jié	2
节俭	jiéjiǎn	7
节假日	jiéjiàrì	6
节奏	jiézòu	6
节日	jiérì	2
节气	jiéqì	7
节水	jiéshuǐ	7
节目	jiémù	2
节省	jiéshěng	4
节约	jiéyuē	3
节能	jiénéng	6
节衣缩食	jiéyīsuōshí	7
芝士	zhīshì	7
芝麻	zhīma	7
芦花	lúhuā	7
芬芳	fēnfāng	7
芭蕾	bālěi	7
芯片	xīnpiàn	7
花	huā	1
花卉	huāhuì	7
花园	huā yuán	2
花样	huāyàng	7
花瓣	huābàn	7
花瓶	huāpíng	6
花生	huāshēng	6
花纹	huāwén	7
花费	huāfèi	6
芽	yá	7
苍蝇	cāngying	7
苏醒	sūxǐng	7
苗	miáo	7
苗头	miáotou	7
苗条	miáotiao	7
若	ruò	6
若干	ruògān	7
苦	kǔ	4
苦力	kǔlì	7
苦心	kǔxīn	7
苦恼	kǔnǎo	7
苦笑	kǔxiào	7
苦练	kǔliàn	7
苦难	kǔnàn	7
英俊	yīngjùn	7
英勇	yīngyǒng	4
英文	yīng wén	2
英语	yīng yǔ	2
英镑	yīngbàng	7
英雄	yīngxióng	6
苹果	píngguǒ	3
茂密	màomì	7
茂盛	màoshèng	7
范围	fànwéi	3
范畴	fànchóu	7
茄子	qiézi	6
茅台	máotái	7
茎	jīng	7
茫然	mángrán	7
茶	chá	1
茶叶	chá yè	4
茶道	chádào	7
茶馆儿	cháguǎnr	7
荆棘	jīngjí	7
草	cǎo	2
草原	cǎo yuán	5
草地	cǎo dì	2
草坪	cǎopíng	7
草案	cǎo'àn	7
荒	huāng	7
荒凉	huāngliáng	7
荒诞	huāngdàn	7
荒谬	huāngmiù	7
荡漾	dàngyàng	7
荣幸	róngxìng	7
荣获	rónghuò	7
荣誉	róngyù	7
荧光	yíngguāng	7
药	yào	2
药品	yàopǐn	6
药店	yào diàn	2
药方	yàofāng	7
药材	yàocái	7
药水	yào shuǐ	2
药片	yào piàn	2
药物	yào wù	4
荷花	héhuā	7
莫名其妙	mòmíngqímiào	7
莫过于	mòguòyú	7
莫非	mòfēi	7
莲子	liánzi	7
获	huò	4
获取	huò qǔ	4
获奖	huò jiǎng	4
获得	huòdé	4
获悉	huòxī	7
获胜	huòshèng	7
菊花	júhuā	7
菜	cài	1
菜单	càidān	2
菜市场	càishìchǎng	7
菩萨	púsà	7
萌发	méngfā	7
萌芽	méngyá	7
萍水相逢	píngshuǐxiāngféng	7
萎缩	wěisuō	7
萝卜	luóbo	7
营业	yíngyè	4
营养	yíngyǎng	3
营救	yíngjiù	7
营造	yíngzào	7
萧条	xiāotiáo	7
落	luò	4
落下	luòxià	7
落后	luòhòu	3
落地	luòdì	7
落实	luòshí	5
落差	luòchā	7
落户	luòhù	7
著作	zhùzuò	4
著名	zhùmíng	4
葡萄	pútao	5
葡萄酒	pú táo jiǔ	5
董事	dǒngshì	7
董事会	dǒngshìhuì	7
董事长	dǒngshìzhǎng	7
葬	zàng	7
葬礼	zànglǐ	7
葱	cōng	7
蒙	mēng	6
蒜	suàn	7
蒸	zhēng	7
蓝	lán	2
蓝图	lántú	7
蓝天	lántiān	6
蓝色	lán sè	2
蓝领	lánlǐng	6
蓬勃	péngbó	7
蔓延	mànyán	7
蔬菜	shūcài	5
蕴涵	yùnhán	7
蕴藏	yùncáng	7
薄	báo	4
薄弱	bóruò	5
薪水	xīnshuǐ	6
薯条	shǔtiáo	6
薯片	shǔpiàn	6
藏	cáng	6
藏匿	cángnì	7
藏品	cángpǐn	7
藏身	cángshēn	7
藤椅	téngyǐ	7
蘑菇	mógu	7
蘸	zhàn	7
虎	hǔ	5
虐待	nüèdài	7
虔诚	qiánchéng	7
虚	xū	7
虚伪	xūwěi	7
虚假	xūjiǎ	7
虚幻	xūhuàn	7
虚弱	xūruò	7
虚心	xūxīn	5
虚拟	xūnǐ	7
虚构	xūgòu	7
虫子	chóng zi	4
虽	suī	6
虽然	suī rán	2
虽说	suīshuō	7
虾	xiā	7
蚊子	wénzi	7
蚊帐	wénzhàng	7
蛇	shé	5
蛋	dàn	2
蛋白质	dànbáizhì	7
蛋糕	dàngāo	5
蛮	mán	7
蜂蜜	fēngmì	7
蜜	mì	7
蜜月	mìyuè	7
蜜蜂	mìfēng	7
蜡	là	7
蜡烛	làzhú	7
融	róng	7
融入	róngrù	6
融化	rónghuà	7
融合	rónghé	6
融洽	róngqià	7
螺丝	luósī	7
蠢	chǔn	7
血	xuè	3
血压	xuèyā	7
血栓	xuèshuān	7
血液	xuèyè	6
血管	xuèguǎn	6
血缘	xuèyuán	7
血脉	xuèmài	7
行	xíng	1
行业	hángyè	4
行为	xíngwéi	2
行人	xíngrén	2
行使	xíngshǐ	7
行列	hángliè	7
行动	xíngdòng	2
行家	hángjia	7
行情	hángqíng	7
行政	xíngzhèng	7
行李	xíng lǐ	3
行程	xíngchéng	6
行走	xíngzǒu	7
行驶	xíng shǐ	5
衍生	yǎnshēng	7
衔接	xiánjiē	7
街	jiē	2
街头	jiētóu	6
街道	jiēdào	4
衡量	héngliáng	6
衣服	yīfu	1
衣架	yī jià	3
衣食住行	yīshízhùxíng	7
补	bǔ	3
补习	bǔxí	6
补偿	bǔcháng	5
补充	bǔchōng	3
补助	bǔzhù	6
补救	bǔjiù	7
补给	bǔjǐ	7
补考	bǔkǎo	6
补课	bǔkè	6
补贴	bǔtiē	5
表	biǎo	2
表决	biǎojué	7
表彰	biǎozhāng	7
表态	biǎotài	7
表情	biǎoqíng	4
表扬	biǎoyáng	4
表明	biǎomíng	3
表格	biǎogé	3
表演	biǎoyǎn	3
表率	biǎoshuài	7
表现	biǎoxiàn	3
表白	biǎobái	7
表示	biǎoshì	2
表达	biǎodá	3
表述	biǎoshù	7
表面	biǎomiàn	3
衬托	chèntuō	7
衬衣	chèn yī	3
衬衫	chènshān	3
衰减	shuāijiǎn	7
衰弱	shuāiruò	7
衰竭	shuāijié	7
衰老	shuāilǎo	7
衰退	shuāituì	7
衷心	zhōngxīn	7
袋	dài	4
袖手旁观	xiùshǒupángguān	7
袖珍	xiùzhēn	6
袜子	wàzi	4
被	bèi	3
被动	bèidòng	5
被子	bèizi	3
被捕	bèibǔ	7
被迫	bèi pò	4
袭击	xíjī	7
裁	cái	7
裁决	cáijué	7
裁判	cáipàn	5
裁定	cáidìng	7
裂	liè	6
裂痕	lièhén	7
裂缝	lièfèng	7
装	zhuāng	2
装修	zhuāngxiū	4
装备	zhuāngbèi	6
装置	zhuāng zhì	4
装饰	zhuāngshì	5
裙子	qúnzi	3
裤子	kùzi	3
裸	luǒ	7
裸露	luǒlù	7
裹	guǒ	7
西	xī	1
西北	xī běi	2
西医	xī yī	2
西南	xī nán	2
西方	xī fāng	2
西班牙语	xībānyáyǔ	6
西瓜	xīguā	4
西红柿	xīhóngshì	5
西装	xī zhuāng	5
西边	xī biān	1
西部	xī bù	3
西餐	xī cān	2
要	yào	1
要不	yàobù	7
要不是	yàobúshì	7
要不然	yàobùrán	6
要么	yàome	6
要命	yàomìng	7
要好	yàohǎo	6
要害	yàohài	7
要强	yàoqiáng	7
要是	yàoshi	3
要求	yāoqiú	2
要点	yàodiǎn	7
要素	yàosù	6
要紧	yàojǐn	7
要领	yàolǐng	7
覆盖	fùgài	7
见	jiàn	1
见义勇为	jiànyìyǒngwéi	7
见仁见智	jiànrénjiànzhì	7
见到	jiàn dào	2
见外	jiànwài	7
见效	jiànxiào	7
见解	jiànjiě	7
见证	jiànzhèng	7
见识	jiànshi	7
见过	jiàn guò	2
见钱眼开	jiànqiányǎnkāi	7
见面	jiànmiàn	1
观众	guānzhòng	3
观光	guānguāng	6
观察	guānchá	3
观念	guānniàn	3
观感	guāngǎn	7
观摩	guānmó	7
观望	guānwàng	7
观测	guāncè	7
观点	guāndiǎn	2
观看	guān kàn	3
观赏	guānshǎng	7
规划	guīhuà	5
规则	guīzé	4
规定	guīdìng	3
规律	guīlǜ	4
规格	guīgé	7
规模	guīmó	4
规矩	guīju	7
规范	guīfàn	3
视为	shì wéi	5
视力	shìlì	7
视察	shìchá	7
视线	shìxiàn	7
视觉	shìjué	7
视角	shìjiǎo	7
视野	shìyě	7
视频	shìpín	5
觉	jiào	6
觉得	juéde	1
觉悟	juéwù	6
觉醒	juéxǐng	7
角	jiǎo	2
角度	jiǎodù	2
角色	juésè	4
角落	jiǎoluò	7
角逐	juézhú	7
解	jiě	6
解体	jiětǐ	7
解决	jiějué	3
解剖	jiěpōu	7
解围	jiěwéi	7
解开	jiě kāi	3
解放	jiěfàng	5
解救	jiějiù	7
解散	jiěsàn	7
解析	jiěxī	7
解答	jiědá	7
解脱	jiětuō	7
解说	jiěshuō	6
解读	jiědú	7
解释	jiěshì	4
解除	jiěchú	5
解雇	jiěgù	7
触动	chùdòng	7
触摸	chùmō	7
触犯	chùfàn	7
触目惊心	chùmùjīngxīn	7
触觉	chùjué	7
言行	yánxíng	7
言论	yánlùn	7
言语	yán yǔ	5
言辞	yáncí	7
警告	jǐnggào	5
警官	jǐngguān	7
警察	jǐngchá	3
警惕	jǐngtì	7
警车	jǐngchē	7
警钟	jǐngzhōng	7
譬如	pìrú	7
譬如说	pìrúshuō	7
计	jì	7
计划	jìhuà	2
计时	jìshí	7
计策	jìcè	7
计算	jìsuàn	3
计算机	jì suàn jī	2
计较	jìjiào	7
订	dìng	3
订单	dìngdān	7
订婚	dìnghūn	7
订立	dìnglì	7
订购	dìnggòu	7
认	rèn	5
认为	rènwéi	2
认出	rèn chū	3
认可	rènkě	3
认同	rèntóng	6
认定	rèndìng	5
认得	rèn dé	3
认真	rènzhēn	1
认知	rènzhī	7
认证	rènzhèng	7
认识	rènshi	1
认错	rèncuò	7
讥笑	jīxiào	7
讨	tǎo	7
讨人喜欢	tǎorénxǐhuan	7
讨价还价	tǎojiàhuánjià	7
讨厌	tǎoyàn	5
讨好	tǎohǎo	7
讨论	tǎolùn	2
让	ràng	2
让座	ràngzuò	6
让步	ràngbù	7
训	xùn	7
训练	xùnliàn	3
议	yì	7
议会	yìhuì	7
议员	yìyuán	7
议程	yìchéng	7
议论	yìlùn	4
议题	yìtí	6
记	jì	1
记住	jì zhù	1
记号	jìhao	7
记录	jìlù	3
记得	jìdé	1
记忆	jìyì	5
记忆犹新	jìyìyóuxīn	7
记者	jìzhě	3
记载	jìzǎi	4
讲	jiǎng	2
讲学	jiǎngxué	7
讲座	jiǎngzuò	4
讲究	jiǎngjiu	4
讲解	jiǎngjiě	7
讲话	jiǎng huà	2
讲课	jiǎngkè	6
讲述	jiǎngshù	7
许	xǔ	7
许可	xǔkě	5
许可证	xǔkězhèng	7
许多	xǔduō	2
讹诈	ézhà	7
论坛	lùntán	7
论文	lùnwén	4
论证	lùnzhèng	7
论述	lùnshù	7
讽刺	fěngcì	7
设	shè	7
设备	shèbèi	3
设定	shèdìng	7
设想	shèxiǎng	5
设施	shèshī	4
设法	shèfǎ	7
设立	shèlì	3
设置	shèzhì	4
设计	shèjì	3
设计师	shèjìshī	6
访谈	fǎngtán	7
访问	fǎngwèn	3
诀别	juébié	7
诀窍	juéqiào	7
证	zhèng	3
证书	zhèngshū	5
证人	zhèngrén	7
证件	zhèngjiàn	3
证实	zhèngshí	5
证据	zhèngjù	3
证明	zhèngmíng	3
评	píng	6
评价	píngjià	3
评估	pínggū	5
评判	píngpàn	7
评委	píngwěi	7
评定	píngdìng	7
评审	píngshěn	7
评论	pínglùn	5
评论员	pínglùnyuán	7
评选	píngxuǎn	6
识	shí	6
识别	shíbié	7
识字	shízì	6
诈骗	zhàpiàn	7
诉苦	sùkǔ	7
诉讼	sùsòng	7
诉说	sùshuō	7
诊所	zhěnsuǒ	7
诊断	zhěnduàn	5
词	cí	2
词典	cídiǎn	2
词汇	cíhuì	4
词语	cíyǔ	2
译	yì	7
试	shì	1
试卷	shìjuàn	4
试图	shìtú	5
试探	shìtàn	7
试点	shìdiǎn	6
试用	shìyòng	7
试用期	shìyòngqī	7
试行	shìxíng	7
试题	shì tí	3
试验	shìyàn	3
诗	shī	4
诗人	shī rén	4
诗歌	shī gē	5
诚信	chéng xìn	4
诚实	chéngshí	4
诚心诚意	chéngxīnchéngyì	7
诚恳	chéngkěn	7
诚意	chéngyì	7
诚挚	chéngzhì	7
话	huà	1
话剧	huà jù	3
话筒	huàtǒng	7
话语	huàyǔ	7
话费	huàfèi	7
话题	huàtí	3
诞生	dànshēng	6
诞辰	dànchén	7
询问	xúnwèn	5
该	gāi	2
详尽	xiángjìn	7
详细	xiángxì	5
诧异	chàyì	7
语气	yǔqì	7
语法	yǔfǎ	4
语言	yǔyán	2
语音	yǔ yīn	4
误	wù	6
误会	wùhuì	4
误区	wùqū	7
误导	wùdǎo	7
误差	wùchā	7
误解	wùjiě	5
诱人	yòurén	7
诱发	yòufā	7
诱惑	yòuhuò	7
诱饵	yòu'ěr	7
说	shuō	1
说不上	shuōbushàng	7
说不定	shuōbudìng	4
说到底	shuōdàodǐ	7
说实话	shuōshíhuà	6
说干就干	shuōgànjiùgàn	7
说情	shuōqíng	7
说明	shuōmíng	2
说明书	shuōmíngshū	6
说服	shuōfú	4
说法	shuō fǎ	5
说白了	shuōbáile	7
说真的	shuōzhēnde	7
说老实话	shuōlǎoshíhuà	7
说话	shuōhuà	1
说谎	shuōhuǎng	7
说起来	shuōqilai	7
说道	shuōdào	7
说闲话	shuōxiánhuà	7
请	qǐng	1
请假	qǐngjià	1
请坐	qǐng zuò	1
请客	qǐng kè	2
请帖	qǐngtiě	7
请教	qǐngjiào	3
请柬	qǐngjiǎn	7
请求	qǐngqiú	2
请进	qǐng jìn	1
请问	qǐng wèn	1
诸位	zhūwèi	6
诸多	zhūduō	7
诸如此类	zhūrúcǐlèi	7
诺言	nuòyán	7
读	dú	1
读书	dú shū	1
读者	dú zhě	3
读音	dú yīn	2
诽谤	fěibàng	7
课	kè	1
课堂	kè táng	2
课文	kè wén	1
课本	kè běn	1
课程	kèchéng	3
课题	kètí	5
谁	shéi	1
谁知道	shéizhīdào	7
调	diào	3
调侃	tiáokǎn	7
调动	diàodòng	5
调度	diàodù	7
调控	tiáokòng	7
调整	tiáozhěng	3
调料	tiáoliào	7
调查	diàochá	3
调皮	tiáopí	4
调研	diàoyán	6
调节	tiáojié	5
调解	tiáojiě	5
调试	tiáoshì	7
谅解	liàngjiě	7
谈	tán	3
谈不上	tánbushàng	7
谈判	tánpàn	3
谈到	tándào	7
谈论	tánlùn	7
谈话	tán huà	3
谈起	tánqǐ	7
谋害	móuhài	7
谋求	móuqiú	7
谋生	móushēng	7
谎言	huǎngyán	7
谎话	huǎnghuà	7
谜	mí	7
谜团	mítuán	7
谜底	mídǐ	7
谜语	míyǔ	7
谢谢	xièxie	1
谣言	yáoyán	7
谦虚	qiānxū	6
谦逊	qiānxùn	7
谨慎	jǐnshèn	7
谱	pǔ	7
谴责	qiǎnzé	7
豁	huō	7
豁出去	huōchuqu	7
豁达	huòdá	7
豆制品	dòu zhì pǐn	5
豆子	dòuzi	7
豆浆	dòujiāng	7
豆腐	dòufu	4
象征	xiàngzhēng	5
豪华	háohuá	7
豹	bào	7
贝壳	bèiké	7
负	fù	6
负担	fùdān	4
负有	fùyǒu	7
负责	fùzé	3
负责人	fù zé rén	5
负面	fùmiàn	7
贡献	gòngxiàn	6
财产	cáichǎn	4
财力	cáilì	7
财务	cáiwù	7
财富	cáifù	4
财政	cáizhèng	7
财物	cáiwù	7
财经	cáijīng	7
责任	zérèn	3
责备	zébèi	7
责怪	zéguài	7
败	bài	4
败坏	bàihuài	6
账	zhàng	6
账单	zhàngdān	7
账号	zhànghào	7
账户	zhànghù	6
货	huò	4
货币	huòbì	7
货物	huòwù	7
货车	huòchē	7
货运	huòyùn	7
质地	zhìdì	7
质朴	zhìpǔ	7
质疑	zhìyí	7
质量	zhìliàng	4
质问	zhìwèn	7
贩卖	fànmài	7
贪	tān	7
贪婪	tānlán	7
贪污	tānwū	7
贪玩儿	tānwánr	7
贫困	pínkùn	6
贫富	pínfù	7
贫穷	pínqióng	7
贬值	biǎnzhí	7
购	gòu	7
购买	gòu mǎi	4
购物	gòuwù	4
贯彻	guànchè	7
贯穿	guànchuān	7
贯通	guàntōng	7
贱	jiàn	7
贴	tiē	4
贴切	tiēqiè	7
贴近	tiējìn	7
贵	guì	1
贵宾	guìbīn	7
贵族	guìzú	7
贵重	guìzhòng	7
贷款	dàikuǎn	5
贸易	màoyì	5
费	fèi	3
费劲	fèijìn	7
费用	fèi yòng	3
贺信	hèxìn	7
贺卡	hè kǎ	5
贺电	hèdiàn	7
贼	zéi	7
贿赂	huìlù	7
资产	zīchǎn	5
资助	zīzhù	5
资料	zīliào	4
资本	zīběn	5
资格	zīgé	3
资源	zīyuán	4
资金	zījīn	3
赋予	fùyǔ	7
赌	dǔ	6
赌博	dǔbó	6
赎	shú	7
赏	shǎng	4
赐	cì	7
赐教	cìjiào	7
赔	péi	5
赔偿	péicháng	5
赔钱	péiqián	7
赖	lài	6
赚	zhuàn	6
赚钱	zhuànqián	6
赛	sài	6
赛场	sàichǎng	6
赛跑	sàipǎo	7
赛车	sàichē	7
赞不绝口	zànbùjuékǒu	7
赞助	zànzhù	4
赞叹	zàntàn	7
赞叹不已	zàntànbùyǐ	7
赞同	zàntóng	7
赞成	zànchéng	4
赞扬	zànyáng	7
赞美	zànměi	7
赞许	zànxǔ	7
赞赏	zàn shǎng	4
赠	zèng	5
赠送	zèngsòng	5
赡养	shànyǎng	7
赢	yíng	3
赢家	yíngjiā	7
赢得	yíng dé	4
赤字	chìzì	7
赫然	hèrán	7
走	zǒu	1
走开	zǒu kāi	2
走私	zǒusī	6
走路	zǒu lù	1
走过	zǒu guò	2
走进	zǒu jìn	2
赴	fù	7
赶	gǎn	3
赶上	gǎnshàng	6
赶不上	gǎnbúshàng	6
赶到	gǎn dào	3
赶往	gǎnwǎng	7
赶忙	gǎnmáng	6
赶快	gǎnkuài	3
赶紧	gǎnjǐn	3
赶赴	gǎnfù	7
起	qǐ	1
起伏	qǐfú	7
起初	qǐchū	7
起到	qǐ dào	5
起劲	qǐjìn	7
起床	qǐchuáng	1
起来	qǐlái	1
起步	qǐbù	7
起源	qǐyuán	7
起点	qǐdiǎn	6
起码	qǐmǎ	5
起程	qǐchéng	7
起草	qǐcǎo	7
起诉	qǐsù	6
起跑线	qǐpǎoxiàn	7
起飞	qǐfēi	2
趁	chèn	7
趁早	chènzǎo	7
趁机	chènjī	7
趁着	chènzhe	7
超	chāo	6
超出	chāochū	6
超前	chāoqián	7
超市	chāoshì	2
超标	chāobiāo	7
超级	chāojí	3
超越	chāoyuè	5
超车	chāochē	7
超过	chāoguò	2
超速	chāosù	7
越	yuè	2
越发	yuèfā	7
越来越	yuè lái yuè	2
越过	yuèguò	7
趋于	qūyú	7
趋势	qūshì	4
趟	tàng	6
趣味	qùwèi	7
足	zú	6
足以	zúyǐ	6
足够	zú gòu	3
足球	zú qiú	3
趴	pā	7
跌	diē	6
跑	pǎo	1
跑步	pǎobù	3
跑车	pǎochē	7
跑道	pǎodào	7
跑龙套	pǎolóngtào	7
距	jù	7
距离	jùlí	4
跟	gēn	1
跟上	gēnshàng	7
跟不上	gēnbushàng	7
跟前	gēnqián	5
跟踪	gēnzōng	7
跟随	gēnsuí	5
跨	kuà	6
跨国	kuàguó	7
跨越	kuàyuè	7
跪	guì	6
路	lù	1
路上	lù shàng	1
路人	lùrén	7
路况	lùkuàng	7
路口	lù kǒu	1
路子	lùzi	7
路段	lùduàn	7
路灯	lùdēng	7
路程	lùchéng	7
路线	lù xiàn	3
路边	lù biān	2
路过	lùguò	6
路途	lùtú	7
路面	lùmiàn	7
跳	tiào	3
跳伞	tiàosǎn	7
跳动	tiàodòng	7
跳槽	tiàocáo	7
跳水	tiàoshuǐ	6
跳舞	tiàowǔ	3
跳跃	tiàoyuè	7
跳远	tiào yuǎn	3
跳高	tiào gāo	3
踊跃	yǒngyuè	7
踏	tà	6
踏上	tàshàng	7
踏实	tāshi	6
踢	tī	6
踩	cǎi	6
蹦	bèng	7
蹬	dēng	7
蹭	cèng	7
蹲	dūn	6
身上	shēn shàng	1
身不由己	shēnbùyóujǐ	7
身价	shēnjià	7
身份	shēnfèn	4
身份证	shēn fèn zhèng	3
身体	shēntǐ	1
身子	shēnzi	7
身影	shēnyǐng	7
身心	shēnxīn	7
身材	shēncái	4
身躯	shēnqū	7
身边	shēn biān	2
身高	shēn gāo	4
躲	duǒ	5
躲藏	duǒcáng	7
躲避	duǒbì	7
躺	tǎng	4
车	chē	1
车上	chē shàng	1
车主	chē zhǔ	5
车位	chēwèi	7
车厢	chēxiāng	7
车号	chēhào	6
车型	chēxíng	7
车展	chēzhǎn	6
车牌	chēpái	6
车票	chē piào	1
车祸	chēhuò	7
车站	chē zhàn	1
车轮	chēlún	7
车轴	chēzhóu	7
车辆	chē liàng	2
车速	chēsù	7
车道	chēdào	7
车间	chējiān	7
轨迹	guǐjì	7
轨道	guǐdào	6
转	zhuàn	3
转动	zhuǎn dòng	4
转化	zhuǎn huà	5
转变	zhuǎnbiàn	3
转向	zhuǎn xiàng	5
转告	zhuǎngào	4
转弯	zhuǎn wān	4
转换	zhuǎn huàn	5
转移	zhuǎnyí	4
转让	zhuǎnràng	5
转身	zhuǎn shēn	4
轮	lún	4
轮子	lún zi	4
轮廓	lúnkuò	7
轮换	lúnhuàn	7
轮椅	lún yǐ	4
轮流	lúnliú	7
轮胎	lúntāi	7
轮船	lúnchuán	4
软	ruǎn	5
软件	ruǎnjiàn	5
软实力	ruǎnshílì	7
软弱	ruǎnruò	7
轰	hōng	7
轰动	hōngdòng	7
轰炸	hōngzhà	7
轻	qīng	2
轻型	qīngxíng	7
轻微	qīngwēi	7
轻易	qīngyì	4
轻松	qīngsōng	4
轻而易举	qīng'éryìjǔ	7
轻蔑	qīngmiè	7
载体	zàitǐ	7
轿车	jiàochē	7
较	jiào	3
较劲	jiàojìn	7
较量	jiàoliàng	7
辅助	fǔzhù	5
辅导	fǔdǎo	7
辆	liàng	2
辈	bèi	5
辉煌	huīhuáng	7
辐射	fúshè	7
输	shū	3
输入	shūrù	3
输出	shū chū	5
输家	shūjiā	7
输液	shūyè	7
输血	shūxuè	7
输送	shūsòng	7
辛勤	xīnqín	7
辛苦	xīnkǔ	5
辛酸	xīnsuān	7
辜负	gūfù	7
辞	cí	7
辞典	cí diǎn	5
辞去	cíqù	7
辞呈	cíchéng	7
辞职	cízhí	5
辞退	cítuì	7
辣	là	4
辣椒	làjiāo	7
辨别	biànbié	7
辨认	biànrèn	7
辩	biàn	7
辩护	biànhù	7
辩解	biànjiě	7
辩论	biànlùn	4
辫子	biànzi	7
边	biān	2
边境	biānjìng	5
边界	biānjiè	7
边疆	biānjiāng	7
边远	biānyuǎn	7
辽阔	liáokuò	7
达到	dádào	3
达成	dáchéng	5
达标	dábiāo	7
迁	qiān	7
迁就	qiānjiù	7
迁移	qiānyí	7
迄今	qìjīn	7
迄今为止	qìjīnwéizhǐ	7
迅速	xùnsù	4
过	guò	1
过不去	guòbuqù	7
过于	guòyú	5
过关	guòguān	7
过分	guòfèn	4
过剩	guòshèng	7
过半	guòbàn	7
过去	guò qù	2
过后	guòhòu	6
过境	guòjìng	7
过失	guòshī	7
过头	guòtóu	7
过奖	guòjiǎng	7
过年	guò nián	2
过度	guòdù	5
过往	guòwǎng	7
过意不去	guòyìbúqù	7
过敏	guòmǐn	5
过日子	guòrìzi	7
过早	guòzǎo	7
过时	guòshí	6
过期	guòqī	7
过来	guò lái	2
过渡	guòdù	6
过滤	guòlǜ	7
过瘾	guòyǐn	7
过硬	guòyìng	7
过程	guòchéng	3
过节	guòjié	7
过道	guòdào	7
过错	guòcuò	7
迈	mài	7
迈进	màijìn	7
迎	yíng	7
迎合	yínghé	7
迎接	yíngjiē	3
迎来	yínglái	6
运	yùn	5
运作	yùnzuò	6
运动	yùndòng	2
运动会	yùn dòng huì	4
运动员	yùn dòng yuán	4
运气	yùnqi	4
运河	yùnhé	7
运用	yùnyòng	4
运营	yùnyíng	7
运行	yùnxíng	5
运转	yùnzhuǎn	7
运输	yùnshū	3
运送	yùnsòng	7
近	jìn	2
近代	jìndài	4
近年来	jìnniánlái	7
近日	jìnrì	6
近期	jìn qī	3
近来	jìnlái	5
近视	jìnshì	6
返回	fǎn huí	5
返还	fǎnhuán	7
还	hái	1
还原	huányuán	7
还是	háishi	1
还有	hái yǒu	1
还款	huánkuǎn	7
这	zhè	1
这么	zhè me	2
这些	zhè xiē	1
这会儿	zhèhuìr	7
这儿	zhèr	1
这就是说	zhèjiùshìshuō	6
这时候	zhè shí hòu	2
这样	zhè yàng	2
这样一来	zhèyàngyìlái	7
这边	zhè biān	1
这里	zhè lǐ	1
进	jìn	1
进一步	jìn yí bù	3
进修	jìnxiū	7
进入	jìn rù	2
进出	jìnchū	7
进出口	jìnchūkǒu	7
进化	jìnhuà	5
进去	jìn qù	1
进口	jìnkǒu	4
进场	jìnchǎng	7
进展	jìnzhǎn	3
进度	jìndù	7
进攻	jìngōng	6
进来	jìn lái	1
进步	jìnbù	3
进程	jìnchéng	7
进而	jìn'ér	7
进行	jìnxíng	2
远	yuǎn	1
远处	yuǎn chù	5
远方	yuǎnfāng	6
远离	yuǎnlí	6
远程	yuǎnchéng	7
远见	yuǎnjiàn	7
远近闻名	yuǎnjìnwénmíng	7
远远	yuǎnyuǎn	6
违反	wéifǎn	5
违法	wéi fǎ	5
违章	wéizhāng	7
违约	wéiyuē	7
违背	wéibèi	7
违规	wéi guī	5
连	lián	3
连任	liánrèn	7
连夜	liányè	7
连忙	liánmáng	3
连接	lián jiē	5
连滚带爬	liángǔndàipá	7
连续	liánxù	3
连续剧	lián xù jù	3
连绵	liánmián	7
连锁	liánsuǒ	7
连锁店	liánsuǒdiàn	7
迟	chí	5
迟到	chídào	4
迟早	chízǎo	7
迟疑	chíyí	7
迟迟	chíchí	7
迫不及待	pòbùjídài	7
迫使	pòshǐ	7
迫切	pòqiè	4
迫害	pòhài	7
迭起	diéqǐ	7
迷	mí	3
迷人	mírén	5
迷信	míxìn	5
迷失	míshī	7
迷恋	míliàn	7
迷惑	míhuò	7
迷惑不解	míhuòbùjiě	7
迷路	mílù	7
迹象	jìxiàng	7
追	zhuī	3
追求	zhuīqiú	4
追究	zhuījiū	6
退	tuì	3
退休	tuìxiū	3
退休金	tuìxiūjīn	7
退出	tuì chū	3
退却	tuìquè	7
退回	tuìhuí	7
退学	tuìxué	7
退役	tuìyì	7
退票	tuìpiào	6
退缩	tuìsuō	7
退让	tuìràng	7
送	sòng	1
送别	sòngbié	7
送到	sòng dào	2
送礼	sònglǐ	6
送给	sòng gěi	2
送行	sòngxíng	6
适合	shìhé	3
适宜	shìyí	7
适应	shìyìng	3
适度	shìdù	7
适当	shìdàng	6
适时	shìshí	7
适用	shì yòng	3
适量	shìliàng	7
逃	táo	5
逃亡	táowáng	7
逃生	táoshēng	7
逃走	táo zǒu	5
逃跑	táo pǎo	5
逃避	táobì	7
逆	nì	7
选	xuǎn	2
选举	xuǎnjǔ	6
选修	xuǎn xiū	5
选手	xuǎnshǒu	3
选拔	xuǎnbá	6
选择	xuǎnzé	4
选民	xuǎnmín	7
选用	xuǎnyòng	7
选项	xuǎnxiàng	7
逊色	xùnsè	7
透	tòu	4
透彻	tòuchè	7
透支	tòuzhī	7
透明	tòumíng	4
透气	tòuqì	7
透过	tòuguò	7
透露	tòulù	6
逐年	zhúnián	7
逐步	zhúbù	4
逐渐	zhújiàn	4
递	dì	5
递交	dìjiāo	7
递给	dì gěi	5
途中	tú zhōng	4
途径	tújìng	6
逗	dòu	7
通	tōng	2
通俗	tōngsú	7
通信	tōng xìn	3
通告	tōnggào	7
通宵	tōngxiāo	7
通常	tōngcháng	3
通往	tōngwǎng	7
通报	tōngbào	6
通用	tōngyòng	5
通畅	tōngchàng	7
通知	tōngzhī	2
通知书	tōng zhī shū	4
通红	tōnghóng	6
通缉	tōngjī	7
通行	tōngxíng	6
通行证	tōngxíngzhèng	7
通讯	tōngxùn	6
通话	tōnghuà	6
通车	tōngchē	7
通过	tōngguò	2
通通	tōngtōng	7
通道	tōngdào	6
通顺	tōngshùn	7
通风	tōngfēng	7
逛	guàng	4
逝世	shìshì	7
逞强	chěngqiáng	7
逞能	chěngnéng	7
速度	sùdù	3
造	zào	3
造价	zàojià	7
造假	zàojiǎ	7
造型	zàoxíng	4
造就	zàojiù	7
造成	zàochéng	3
造福	zàofú	7
造纸术	zàozhǐshù	7
逢	féng	7
逮	dǎi	7
逮捕	dàibǔ	7
逻辑	luóji	5
逼真	bīzhēn	7
逼近	bījìn	7
逼迫	bīpò	7
逾期	yúqī	7
遂心	suìxīn	7
遇	yù	4
遇上	yùshang	7
遇到	yùdào	4
遇见	yù jiàn	4
遇险	yùxiǎn	7
遇难	yùnàn	7
遍	biàn	2
遍布	biànbù	7
遏制	èzhì	7
道	dào	2
道具	dàojù	7
道德	dàodé	5
道教	dàojiào	6
道歉	dàoqiàn	6
道理	dàolǐ	2
道路	dào lù	2
遗产	yíchǎn	4
遗传	yíchuán	4
遗体	yítǐ	7
遗嘱	yízhǔ	7
遗址	yízhǐ	7
遗弃	yíqì	7
遗忘	yíwàng	7
遗愿	yíyuàn	7
遗憾	yíhàn	6
遗物	yíwù	7
遗留	yíliú	7
遛	liù	7
遥控	yáokòng	7
遥远	yáoyuǎn	7
遭到	zāodào	6
遭受	zāoshòu	6
遭殃	zāoyāng	7
遭遇	zāoyù	6
遮	zhē	7
遮盖	zhēgài	7
遵守	zūnshǒu	5
避	bì	4
避免	bìmiǎn	4
避暑	bìshǔ	7
避难	bìnàn	7
邀	yāo	7
邀请	yāoqǐng	5
那	nà	1
那么	nà me	2
那些	nà xiē	1
那会儿	nà huìr	2
那儿	nàr	1
那时候	nà shí hòu	2
那样	nà yàng	2
那边	nà biān	1
那里	nà lǐ	1
邪	xié	7
邪恶	xié'è	7
邮件	yóu jiàn	3
邮局	yóujú	4
邮政	yóuzhèng	7
邮票	yóu piào	3
邮箱	yóu xiāng	3
邮编	yóubiān	7
邻国	línguó	7
邻居	línjū	5
郊区	jiāoqū	5
郊外	jiāowài	7
郊游	jiāoyóu	7
郑重	zhèngzhòng	7
部	bù	3
部件	bùjiàn	7
部位	bùwèi	5
部分	bùfen	2
部署	bùshǔ	7
部长	bù zhǎng	3
部门	bùmén	3
部队	bùduì	6
都	dōu	1
都会	dūhuì	7
都市	dūshì	6
鄙视	bǐshì	7
配	pèi	3
配件	pèijiàn	7
配偶	pèi'ǒu	7
配合	pèihé	3
配备	pèibèi	5
配套	pèitào	5
配置	pèizhì	6
配送	pèisòng	7
配音	pèiyīn	7
酒	jiǔ	2
酒吧	jiǔbā	4
酒店	jiǔ diàn	2
酒楼	jiǔlóu	7
酒水	jiǔshuǐ	6
酒精	jiǔjīng	7
酒鬼	jiǔ guǐ	5
酗酒	xùjiǔ	7
酝酿	yùnniàng	7
酣畅	hānchàng	7
酣睡	hānshuì	7
酥	sū	7
酱	jiàng	6
酱油	jiàngyóu	6
酷	kù	6
酷似	kùsì	7
酸	suān	4
酸奶	suān nǎi	4
酸甜苦辣	suān tián kǔ là	5
酿造	niàngzào	7
醇厚	chúnhòu	7
醉	zuì	5
醋	cù	6
醒	xǐng	4
醒悟	xǐngwù	7
醒来	xǐnglái	7
醒目	xǐngmù	7
采	cǎi	7
采取	cǎiqǔ	3
采用	cǎi yòng	3
采矿	cǎikuàng	7
采纳	cǎinà	6
采访	cǎifǎng	4
采购	cǎigòu	5
采集	cǎijí	7
释放	shìfàng	7
里	lǐ	1
里头	li tou	2
里程碑	lǐchéngbēi	7
里边	lǐ biān	1
里面	lǐ miàn	3
重	zhòng	1
重中之重	zhòngzhōngzhīzhòng	7
重任	zhòngrèn	7
重伤	zhòngshāng	7
重创	zhòngchuāng	7
重叠	chóngdié	7
重合	chónghé	7
重型	zhòngxíng	7
重复	chóngfù	2
重大	zhòngdà	3
重建	chóngjiàn	6
重心	zhòngxīn	7
重播	chóngbō	7
重新	chóngxīn	2
重点	zhòngdiǎn	2
重现	chóngxiàn	7
重申	chóngshēn	7
重组	chóngzǔ	6
重要	zhòngyào	1
重视	zhòngshì	2
重返	chóngfǎn	7
重量	zhòngliàng	4
重量级	zhòngliàngjí	7
野	yě	6
野兽	yěshòu	7
野外	yěwài	7
野心	yěxīn	7
野炊	yěchuī	7
野生	yěshēng	6
野营	yěyíng	7
野蛮	yěmán	7
野餐	yěcān	7
量	liàng	4
金	jīn	3
金子	jīnzi	7
金字塔	jīnzìtǎ	7
金属	jīnshǔ	7
金牌	jīn pái	3
金融	jīnróng	6
金钱	jīnqián	6
金额	jīn'é	6
鉴于	jiànyú	7
鉴别	jiànbié	7
鉴定	jiàndìng	6
鉴赏	jiànshǎng	7
针	zhēn	4
针对	zhēnduì	4
针灸	zhēnjiǔ	7
针锋相对	zhēnfēngxiāngduì	7
钉	dìng	7
钉子	dīngzi	7
钓鱼	diàoyú	7
钙	gài	7
钞票	chāopiào	7
钟	zhōng	3
钟头	zhōngtóu	6
钢	gāng	7
钢琴	gāng qín	5
钢笔	gāng bǐ	5
钥匙	yàoshi	7
钦佩	qīnpèi	7
钩	gōu	7
钩子	gōuzi	7
钱	qián	1
钱包	qián bāo	1
钱财	qiáncái	7
钳子	qiánzi	7
钻	zuàn	6
铁	tiě	3
铁路	tiě lù	3
铃	líng	5
铃声	líng shēng	5
铅	qiān	7
铅笔	qiānbǐ	6
铜	tóng	7
铜牌	tóngpái	6
铝	lǚ	7
铭记	míngjì	7
铲	chǎn	7
铲子	chǎnzi	7
银	yín	3
银幕	yínmù	7
银牌	yín pái	3
银行	yínháng	2
银行卡	yín háng kǎ	2
铺	pū	6
铺路	pūlù	7
销	xiāo	7
销售	xiāoshòu	4
销毁	xiāohuǐ	7
销量	xiāoliàng	7
锁	suǒ	5
锁定	suǒdìng	7
锅	guō	5
锈	xiù	7
错	cuò	1
错位	cuòwèi	7
错别字	cuòbiézì	7
错综复杂	cuòzōngfùzá	7
错觉	cuòjué	7
错误	cuòwù	3
错过	cuòguò	6
锡	xī	7
锤子	chuízi	7
锦旗	jǐnqí	7
键	jiàn	5
键盘	jiànpán	5
锯	jù	7
锻炼	duànliàn	4
镇	zhèn	6
镇定	zhèndìng	7
镜头	jìngtóu	4
镜子	jìngzi	4
镶	xiāng	7
镶嵌	xiāngqiàn	7
长	cháng	2
长久	chángjiǔ	6
长假	chángjià	6
长城	Chángchéng	3
长处	cháng chù	3
长大	zhǎng dà	2
长寿	cháng shòu	5
长度	cháng dù	5
长征	chángzhēng	7
长效	chángxiào	7
长期	cháng qī	3
长期以来	chángqīyǐlái	7
长相	zhǎngxiàng	7
长短	chángduǎn	6
长足	chángzú	7
长跑	chángpǎo	6
长辈	zhǎngbèi	7
长达	chángdá	7
长远	chángyuǎn	6
长途	chángtú	4
门	mén	1
门口	mén kǒu	1
门当户对	méndānghùduì	7
门槛	ménkǎn	7
门票	mén piào	1
门诊	mén zhěn	5
门路	ménlù	7
门铃	ménlíng	7
闪	shǎn	4
闪烁	shǎnshuò	7
闪电	shǎndiàn	4
闭幕	bì mù	5
闭幕式	bì mù shì	5
问	wèn	1
问世	wènshì	7
问候	wènhòu	4
问卷	wènjuàn	7
问路	wèn lù	2
问题	wèntí	2
闯	chuǎng	5
闲	xián	5
间	jiān	1
间接	jiànjiē	5
间断	jiànduàn	7
间谍	jiàndié	7
间隔	jiàngé	7
间隙	jiànxì	7
闷	mēn	7
闸	zhá	7
闹	nào	4
闹事	nàoshì	7
闹着玩儿	nàozhewánr	7
闹钟	nào zhōng	4
闺女	guīnü	7
闻	wén	2
闻名	wénmíng	7
阀门	fámén	7
阅历	yuèlì	7
阅览室	yuè lǎn shì	5
阅读	yuèdú	4
阎王	Yánwang	7
阐述	chǎnshù	7
阔	kuò	6
阔绰	kuòchuò	7
队	duì	2
队伍	duìwu	6
队员	duì yuán	3
队形	duìxíng	7
队长	duì zhǎng	2
防	fáng	3
防卫	fángwèi	7
防守	fángshǒu	6
防御	fángyù	7
防护	fánghù	7
防止	fángzhǐ	3
防汛	fángxùn	7
防治	fángzhì	5
防火墙	fánghuǒqiáng	7
防疫	fángyì	7
防盗	fángdào	7
防盗门	fángdàomén	7
防范	fángfàn	6
阳光	yángguāng	3
阳台	yángtái	4
阳性	yángxìng	7
阴	yīn	2
阴天	yīn tiān	2
阴影	yīnyǐng	6
阴性	yīnxìng	7
阴暗	yīn'àn	7
阴谋	yīnmóu	6
阵	zhèn	4
阵容	zhènróng	7
阵营	zhènyíng	7
阶层	jiēcéng	7
阶梯	jiētī	7
阶段	jiēduàn	4
阶级	jiējí	7
阻止	zǔzhǐ	4
阻碍	zǔ'ài	5
阿姨	āyí	3
阿拉伯语	Ālābóyǔ	6
附	fù	7
附件	fùjiàn	5
附加	fùjiā	7
附和	fùhè	7
附属	fùshǔ	7
附带	fùdài	7
附近	fùjìn	4
陆军	lùjūn	6
陆地	lùdì	4
陆续	lùxù	4
陈列	chénliè	7
陈旧	chénjiù	7
陈述	chénshù	7
陌生	mòshēng	7
降	jiàng	4
降临	jiànglín	7
降价	jiàng jià	4
降低	jiàngdī	4
降温	jiàng wēn	4
降落	jiàngluò	4
限	xiàn	7
限于	xiànyú	7
限制	xiànzhì	4
限定	xiàndìng	7
限度	xiàndù	7
陡	dǒu	7
院	yuàn	2
院士	yuànshì	7
院子	yuàn zi	2
院长	yuàn zhǎng	2
除	chú	6
除了	chúle	3
除去	chúqù	7
除夕	chúxī	5
除外	chúwài	7
除此之外	chúcǐzhīwài	7
除非	chúfēi	5
陨石	yǔnshí	7
险	xiǎn	6
陪	péi	5
陪伴	péibàn	7
陪同	péitóng	6
陪葬	péizàng	7
陶冶	táoyě	7
陶瓷	táocí	7
陶醉	táozuì	7
陷	xiàn	7
陷入	xiànrù	6
陷阱	xiànjǐng	7
隆重	lóngzhòng	7
随	suí	3
随便	suíbiàn	2
随即	suíjí	7
随后	suí hòu	5
随处可见	suíchùkějiàn	7
随大溜	suídàliù	7
随心所欲	suíxīnsuǒyù	7
随意	suíyì	5
随手	suíshǒu	4
随时	suíshí	2
随时随地	suíshísuídì	7
随机	suíjī	7
随着	suízhe	5
随身	suíshēn	7
隐形	yǐnxíng	7
隐性	yǐnxìng	7
隐患	yǐnhuàn	7
隐情	yǐnqíng	7
隐瞒	yǐnmán	7
隐私	yǐnsī	6
隐约	yǐnyuē	7
隐蔽	yǐnbì	7
隐藏	yǐncáng	6
隐身	yǐnshēn	7
隔	gé	4
隔壁	gébì	5
隔开	gé kāi	4
隔离	gélí	7
隔阂	géhé	7
障碍	zhàng'ài	6
隧道	suìdào	7
难	nán	1
难为情	nánwéiqíng	7
难以	nán yǐ	5
难以想象	nányǐxiǎngxiàng	7
难以置信	nányǐzhìxìn	7
难免	nánmiǎn	4
难关	nánguān	7
难受	nánshòu	2
难听	nán tīng	2
难堪	nánkān	7
难处	nánchu	7
难度	nán dù	3
难得	nándé	5
难得一见	nándéyíjiàn	7
难忘	nánwàng	6
难怪	nánguài	7
难点	nándiǎn	7
难看	nán kàn	2
难说	nánshuō	7
难过	nánguò	2
难道	nándào	3
难题	nán tí	2
雄伟	xióngwěi	5
雄厚	xiónghòu	7
集	jí	6
集中	jízhōng	3
集会	jíhuì	7
集体	jítǐ	3
集合	jíhé	4
集团	jítuán	5
集结	jíjié	7
集装箱	jízhuāngxiāng	7
集资	jízī	7
集邮	jíyóu	7
雇	gù	7
雇主	gùzhǔ	7
雇佣	gùyōng	7
雇员	gùyuán	7
雕	diāo	7
雕刻	diāokè	7
雕塑	diāosù	7
雨	yǔ	1
雨水	yǔ shuǐ	5
雨衣	yǔyī	6
雪	xuě	2
雪上加霜	xuěshàngjiāshuāng	7
雪山	xuěshān	7
零	líng	1
零下	líng xià	2
零件	língjiàn	7
零售	língshòu	7
零花钱	línghuāqián	7
零钱	língqián	7
零食	língshí	4
雷同	léitóng	7
雾	wù	7
需	xū	7
需求	xūqiú	3
需要	xūyào	3
震	zhèn	7
震动	zhèndòng	7
震惊	zhènjīng	5
震撼	zhènhàn	7
霍乱	huòluàn	7
霜	shuāng	7
露	lòu	6
露天	lùtiān	7
露面	lòumiàn	7
霸占	bàzhàn	7
霸道	bàdào	6
青	qīng	5
青少年	qīngshàonián	2
青年	qīng nián	2
青春	qīngchūn	4
青春期	qīngchūnqī	7
青蛙	qīngwā	7
静	jìng	3
静止	jìngzhǐ	7
非	fēi	4
非凡	fēifán	7
非常	fēicháng	1
非得	fēiděi	7
非法	fēifǎ	7
靠	kào	2
靠近	kào jìn	5
面	miàn	2
面临	miànlín	4
面前	miàn qián	2
面包	miànbāo	1
面向	miànxiàng	6
面子	miànzi	5
面对	miànduì	3
面对面	miànduìmiàn	6
面条儿	miàn tiáor	1
面目全非	miànmùquánfēi	7
面积	miànjī	3
面粉	miànfěn	7
面红耳赤	miànhóng'ěrchì	7
面试	miàn shì	4
面貌	miànmào	5
面部	miànbù	7
面面俱到	miànmiànjùdào	7
革命	gémìng	7
革新	géxīn	6
靴子	xuēzi	7
靶子	bǎzi	7
鞋	xié	2
鞠躬	jūgōng	7
鞭炮	biānpào	7
鞭策	biāncè	7
韧性	rènxìng	7
音乐	yīnyuè	2
音乐会	yīn yuè huì	2
音像	yīnxiàng	6
音响	yīnxiǎng	7
音节	yīn jié	2
音量	yīnliàng	6
韵味	yùnwèi	7
页	yè	1
顶	dǐng	4
顶多	dǐngduō	7
顶尖	dǐngjiān	7
顶级	dǐngjí	7
项	xiàng	4
项目	xiàngmù	4
项链	xiàngliàn	7
顺	shùn	6
顺从	shùncóng	7
顺便	shùnbiàn	7
顺其自然	shùnqízìrán	7
顺利	shùnlì	2
顺势	shùnshì	7
顺差	shùnchā	7
顺序	shùnxù	4
顺应	shùnyìng	7
顺心	shùnxīn	7
顺手	shùnshǒu	7
顺理成章	shùnlǐchéngzhāng	7
顺畅	shùnchàng	7
顺着	shùnzhe	7
顺路	shùnlù	7
须	xū	7
顽固	wángù	7
顽强	wánqiáng	6
顽皮	wánpí	6
顾	gù	6
顾不上	gùbushàng	7
顾不得	gùbude	7
顾全大局	gùquándàjú	7
顾及	gùjí	7
顾客	gùkè	2
顾虑	gùlǜ	7
顾问	gùwèn	5
顿	dùn	3
顿时	dùnshí	7
颁发	bānfā	6
颁奖	bānjiǎng	7
颁布	bānbù	6
预习	yùxí	3
预兆	yùzhào	7
预先	yùxiān	7
预告	yùgào	7
预售	yùshòu	7
预备	yù bèi	5
预定	yùdìng	7
预感	yùgǎn	7
预报	yùbào	3
预料	yùliào	7
预期	yùqī	5
预测	yù cè	4
预示	yùshì	7
预算	yùsuàn	7
预约	yùyuē	6
预见	yùjiàn	7
预言	yùyán	7
预计	yù jì	3
预订	yùdìng	4
预赛	yùsài	7
预防	yùfáng	3
领	lǐng	3
领事	lǐngshì	7
领事馆	lǐngshìguǎn	7
领会	lǐnghuì	7
领先	lǐngxiān	3
领养	lǐngyǎng	7
领军	lǐngjūn	7
领取	lǐngqǔ	6
领土	lǐngtǔ	7
领域	lǐngyù	7
领导	lǐngdǎo	3
领带	lǐng dài	5
领悟	lǐngwù	7
领略	lǐnglüè	7
领袖	lǐngxiù	6
领队	lǐngduì	7
颇	pō	7
颈部	jǐngbù	7
频率	pínlǜ	7
频繁	pínfán	5
频道	píndào	5
频频	pínpín	7
颓废	tuífèi	7
颗	kē	5
题	tí	2
题材	tícái	5
题目	tímù	3
颜色	yánsè	2
额外	éwài	7
颠倒	diāndǎo	7
颠覆	diānfù	7
颤抖	chàndǒu	7
风	fēng	1
风云	fēngyún	7
风俗	fēngsú	4
风光	fēngguāng	5
风力	fēnglì	7
风味	fēngwèi	7
风和日丽	fēnghérìlì	7
风尚	fēngshàng	7
风度	fēngdù	5
风情	fēngqíng	7
风景	fēngjǐng	4
风暴	fēngbào	6
风格	fēnggé	4
风气	fēngqì	7
风水	fēngshuǐ	7
风沙	fēngshā	7
风波	fēngbō	7
风流	fēngliú	7
风浪	fēnglàng	7
风筝	fēngzheng	7
风范	fēngfàn	7
风貌	fēngmào	7
风趣	fēngqù	7
风采	fēngcǎi	7
风险	fēngxiǎn	3
风雨	fēngyǔ	7
风风雨雨	fēngfēngyǔyǔ	7
风餐露宿	fēngcānlùsù	7
飘	piāo	7
飙升	biāoshēng	7
飞	fēi	1
飞往	fēiwǎng	7
飞机	fěijī	1
飞翔	fēixiáng	7
飞船	fēichuán	6
飞行	fēi xíng	3
飞行员	fēixíngyuán	6
飞跃	fēiyuè	7
飞速	fēisù	7
食品	shí pǐn	3
食堂	shí táng	4
食宿	shísù	7
食欲	shíyù	6
食物	shíwù	2
食用	shíyòng	7
餐	cān	6
餐厅	cāntīng	5
餐桌	cānzhuō	7
餐饮	cān yǐn	5
餐馆	cān guǎn	5
饥饿	jī'è	7
饭	fàn	1
饭店	fàndiàn	1
饭碗	fànwǎn	7
饭馆	fàn guǎn	2
饮料	yǐnliào	5
饮水	yǐnshuǐ	7
饮用水	yǐnyòngshuǐ	7
饮食	yǐnshí	5
饱	bǎo	2
饱和	bǎohé	6
饱满	bǎomǎn	7
饱经沧桑	bǎojīngcāngsāng	6
饲养	sìyǎng	7
饲料	sìliào	7
饶	ráo	7
饶恕	ráoshù	7
饺子	jiǎozi	2
饼	bǐng	5
饼干	bǐnggān	5
饿	è	1
馅儿	xiànr	7
馋	chán	7
馒头	mántou	6
首	shǒu	4
首先	shǒuxiān	3
首创	shǒuchuàng	7
首席	shǒuxí	6
首府	shǒufǔ	7
首批	shǒupī	7
首次	shǒucì	6
首相	shǒuxiàng	6
首脑	shǒunǎo	6
首要	shǒuyào	7
首都	shǒudū	3
首饰	shǒushì	7
香	xiāng	3
香味	xiāngwèi	7
香料	xiāngliào	7
香水	xiāngshuǐ	7
香油	xiāngyóu	7
香烟	xiāngyān	7
香肠	xiāngcháng	5
香蕉	xiāngjiāo	3
马	mǎ	3
马上	mǎshàng	1
马力	mǎlì	7
马后炮	mǎhòupào	7
马戏	mǎxì	7
马桶	mǎtǒng	7
马虎	mǎhu	7
马路	mǎ lù	1
马车	mǎchē	6
驮	tuó	7
驯	xùn	7
驰名	chímíng	7
驱动	qūdòng	7
驱逐	qūzhú	7
驳回	bóhuí	7
驻	zhù	6
驾	jià	7
驾照	jià zhào	5
驾车	jiàchē	7
驾驭	jiàyù	7
驾驶	jiàshǐ	5
骂	mà	5
骄傲	jiāo'ào	6
骇人听闻	hàiréntīngwén	7
验	yàn	7
验收	yànshōu	7
验证	yànzhèng	7
骏马	jùnmǎ	7
骑	qí	2
骑车	qí chē	2
骗	piàn	5
骗人	piànrén	7
骗子	piàn zi	5
骚乱	sāoluàn	7
骚扰	sāorǎo	7
骤然	zhòurán	7
骨头	gǔtou	4
骨干	gǔgàn	7
骨折	gǔzhé	7
骨气	gǔqì	7
高	gāo	1
高中	gāo zhōng	2
高于	gāo yú	5
高价	gāo jià	4
高低	gāodī	7
高傲	gāo'ào	7
高兴	gāoxìng	1
高压	gāoyā	7
高原	gāo yuán	5
高大	gāo dà	5
高尔夫球	gāo'ěrfūqiú	7
高尚	gāoshàng	4
高层	gāocéng	6
高山	gāoshān	7
高峰	gāofēng	6
高峰期	gāofēngqī	7
高度	gāo dù	5
高手	gāoshǒu	6
高效	gāoxiào	7
高新技术	gāoxīnjìshù	7
高昂	gāo'áng	7
高明	gāomíng	7
高档	gāodàng	6
高涨	gāozhǎng	7
高温	gāo wēn	5
高潮	gāocháo	4
高科技	gāokējì	6
高空	gāokōng	7
高等	gāoděng	6
高级	gāojí	2
高考	gāokǎo	6
高血压	gāoxuèyā	7
高调	gāodiào	7
高贵	gāoguì	7
高超	gāochāo	7
高跟鞋	gāo gēn xié	5
高速	gāo sù	3
高速公路	gāosùgōnglù	3
高铁	gāo tiě	4
高雅	gāoyǎ	7
高额	gāo'é	7
高龄	gāolíng	7
鬼	guǐ	5
魂	hún	7
魄力	pòlì	7
魅力	mèilì	7
魔术	móshù	7
魔鬼	móguǐ	7
鱼	yú	2
鲁莽	lǔmǎng	7
鲜	xiān	4
鲜明	xiānmíng	4
鲜活	xiānhuó	7
鲜美	xiānměi	7
鲜艳	xiānyàn	5
鲜花	xiān huā	4
鲜血	xiānxuè	7
鲨鱼	shāyú	7
鳄鱼	èyú	7
鸟	niǎo	2
鸟巢	niǎocháo	7
鸡	jī	2
鸡蛋	jīdàn	1
鸦雀无声	yāquèwúshēng	7
鸭子	yā zi	5
鸽子	gēzi	7
鹅	é	7
鹏程万里	péngchéngwànlǐ	7
鹤立鸡群	hèlìjīqún	7
鹰	yīng	7
鹿	lù	7
麻	má	7
麻将	májiàng	7
麻木	mámù	7
麻烦	máfan	3
麻痹	mábì	7
麻辣	málà	7
麻醉	mázuì	7
黄	huáng	2
黄昏	huánghūn	7
黄瓜	huáng guā	4
黄色	huáng sè	2
黄金	huángjīn	4
黎明	límíng	7
黏	nián	7
黑	hēi	2
黑夜	hēiyè	6
黑客	hēikè	7
黑心	hēixīn	7
黑手	hēishǒu	7
黑暗	hēi àn	4
黑板	hēibǎn	2
黑白	hēibái	7
黑色	hēi sè	2
黑马	hēimǎ	7
默契	mòqì	7
默读	mòdú	7
默默	mòmò	4
默默无闻	mòmòwúwén	7
鼓	gǔ	5
鼓动	gǔdòng	7
鼓励	gǔlì	5
鼓掌	gǔzhǎng	5
鼓舞	gǔwǔ	7
鼠	shǔ	5
鼠标	shǔbiāo	5
鼻子	bízi	5
鼻涕	bítì	7
齐	qí	3
齐全	qíquán	5
齐心协力	qíxīnxiélì	7
龙	lóng	3
龙舟	lóngzhōu	7
龟	guī	7
